{
  "runs": {
    "standard_k10": {
      "arm": "standard",
      "k": 10,
      "top_1": 0.65346875,
      "top_2": 0.7198687500000001,
      "top_5": 0.80208125
    },
    "standard_k20": {
      "arm": "standard",
      "k": 20,
      "top_1": 0.6954750000000001,
      "top_2": 0.7477499999999999,
      "top_5": 0.83064375
    },
    "standard_k40": {
      "arm": "standard",
      "k": 40,
      "top_1": 0.6780875,
      "top_2": 0.75568125,
      "top_5": 0.82816875
    },
    "standard_k80": {
      "arm": "standard",
      "k": 80,
      "top_1": 0.731375,
      "top_2": 0.7674624999999999,
      "top_5": 0.83195
    },
    "standard_k160": {
      "arm": "standard",
      "k": 160,
      "top_1": 0.69335625,
      "top_2": 0.75386875,
      "top_5": 0.81241875
    }
  }
}