{
  "eval_type_id": "scr",
  "eval_config": {
    "random_seed": 42,
    "dataset_names": [
      "LabHC/bias_in_bios_class_set1",
      "canrager/amazon_reviews_mcauley_1and5"
    ],
    "perform_scr": true,
    "early_stopping_patience": 20,
    "train_set_size": 4000,
    "test_set_size": 1000,
    "context_length": 128,
    "probe_train_batch_size": 16,
    "probe_test_batch_size": 500,
    "probe_epochs": 20,
    "probe_lr": 0.001,
    "probe_l1_penalty": 0.001,
    "sae_batch_size": 125,
    "llm_batch_size": 16,
    "llm_dtype": "bfloat16",
    "lower_vram_usage": false,
    "model_name": "google/gemma-2-2b",
    "n_values": [
      2,
      5,
      10,
      20,
      50,
      100,
      500
    ],
    "column1_vals_lookup": {
      "LabHC/bias_in_bios_class_set1": [
        [
          "professor",
          "nurse"
        ],
        [
          "architect",
          "journalist"
        ],
        [
          "surgeon",
          "psychologist"
        ],
        [
          "attorney",
          "teacher"
        ]
      ],
      "canrager/amazon_reviews_mcauley_1and5": [
        [
          "Books",
          "CDs_and_Vinyl"
        ],
        [
          "Software",
          "Electronics"
        ],
        [
          "Pet_Supplies",
          "Office_Products"
        ],
        [
          "Industrial_and_Scientific",
          "Toys_and_Games"
        ]
      ]
    }
  },
  "eval_id": "905bdd55-27d1-4b2c-8b50-2472a879f963",
  "datetime_epoch_millis": 1776510504658,
  "eval_result_metrics": {
    "scr_metrics": {
      "scr_dir1_threshold_2": 0.1633369504810391,
      "scr_metric_threshold_2": 0.11732264035983453,
      "scr_dir2_threshold_2": 0.16625278342141503,
      "scr_dir1_threshold_5": 0.25117871769422095,
      "scr_metric_threshold_5": 0.2099644954722538,
      "scr_dir2_threshold_5": 0.2603644035257126,
      "scr_dir1_threshold_10": 0.2757740213988642,
      "scr_metric_threshold_10": 0.2763974822186651,
      "scr_dir2_threshold_10": 0.3249708767051707,
      "scr_dir1_threshold_20": 0.2537294461552259,
      "scr_metric_threshold_20": 0.35847142160210654,
      "scr_dir2_threshold_20": 0.4138441593454941,
      "scr_dir1_threshold_50": 0.2444350307411542,
      "scr_metric_threshold_50": 0.44912079275160377,
      "scr_dir2_threshold_50": 0.5023376890803107,
      "scr_dir1_threshold_100": 0.1957963435586586,
      "scr_metric_threshold_100": 0.36359602766960375,
      "scr_dir2_threshold_100": 0.463509250243605,
      "scr_dir1_threshold_500": 0.01888960215667391,
      "scr_metric_threshold_500": 0.2935861655061558,
      "scr_dir2_threshold_500": 0.26028296113613514
    }
  },
  "eval_result_details": [
    {
      "dataset_name": "LabHC/bias_in_bios_class_set1_scr_professor_nurse_results",
      "scr_dir1_threshold_2": 0.2692303283680632,
      "scr_metric_threshold_2": 0.06075945967112424,
      "scr_dir2_threshold_2": 0.06075945967112424,
      "scr_dir1_threshold_5": 0.33333282389198415,
      "scr_metric_threshold_5": 0.09873425400116885,
      "scr_dir2_threshold_5": 0.09873425400116885,
      "scr_dir1_threshold_10": 0.34615393432638736,
      "scr_metric_threshold_10": 0.13924051014931188,
      "scr_dir2_threshold_10": 0.13924051014931188,
      "scr_dir1_threshold_20": 0.2564099820956838,
      "scr_metric_threshold_20": 0.23291138782082574,
      "scr_dir2_threshold_20": 0.23291138782082574,
      "scr_dir1_threshold_50": 0.14102533732022132,
      "scr_metric_threshold_50": 0.34177209268566583,
      "scr_dir2_threshold_50": 0.34177209268566583,
      "scr_dir1_threshold_100": 0.10256353434105926,
      "scr_metric_threshold_100": 0.367088672538302,
      "scr_dir2_threshold_100": 0.367088672538302,
      "scr_dir1_threshold_500": -0.38461573730554943,
      "scr_metric_threshold_500": 0.2835442457304594,
      "scr_dir2_threshold_500": 0.2835442457304594
    },
    {
      "dataset_name": "LabHC/bias_in_bios_class_set1_scr_architect_journalist_results",
      "scr_dir1_threshold_2": 0.2031247744452459,
      "scr_metric_threshold_2": 0.1708074614643046,
      "scr_dir2_threshold_2": 0.1708074614643046,
      "scr_dir1_threshold_5": 0.35937467258180855,
      "scr_metric_threshold_5": 0.22981364849996225,
      "scr_dir2_threshold_5": 0.22981364849996225,
      "scr_dir1_threshold_10": 0.351562270807266,
      "scr_metric_threshold_10": 0.3416149229286092,
      "scr_dir2_threshold_10": 0.3416149229286092,
      "scr_dir1_threshold_20": 0.42187481810100474,
      "scr_metric_threshold_20": 0.4006211099642668,
      "scr_dir2_threshold_20": 0.4006211099642668,
      "scr_dir1_threshold_50": 0.13281222715150715,
      "scr_metric_threshold_50": 0.5652174717859031,
      "scr_dir2_threshold_50": 0.5652174717859031,
      "scr_dir1_threshold_100": 0.4296872198755473,
      "scr_metric_threshold_100": 0.19875778007146633,
      "scr_dir2_threshold_100": 0.19875778007146633,
      "scr_dir1_threshold_500": 0.234374847204844,
      "scr_metric_threshold_500": 0.27329190132137193,
      "scr_dir2_threshold_500": 0.27329190132137193
    },
    {
      "dataset_name": "LabHC/bias_in_bios_class_set1_scr_surgeon_psychologist_results",
      "scr_dir1_threshold_2": 0.4430379937845226,
      "scr_metric_threshold_2": 0.09762532898539214,
      "scr_dir2_threshold_2": 0.09762532898539214,
      "scr_dir1_threshold_5": 0.5822781180940712,
      "scr_metric_threshold_5": 0.13984161520720478,
      "scr_dir2_threshold_5": 0.13984161520720478,
      "scr_dir1_threshold_10": 0.5569620062154774,
      "scr_metric_threshold_10": 0.2005276347729401,
      "scr_dir2_threshold_10": 0.2005276347729401,
      "scr_dir1_threshold_20": 0.31645592541427087,
      "scr_metric_threshold_20": 0.2453825666640193,
      "scr_dir2_threshold_20": 0.2453825666640193,
      "scr_dir1_threshold_50": 0.202531912983316,
      "scr_metric_threshold_50": 0.34036940724833353,
      "scr_dir2_threshold_50": 0.34036940724833353,
      "scr_dir1_threshold_100": -0.037974167817890585,
      "scr_metric_threshold_100": 0.37203158259764585,
      "scr_dir2_threshold_100": 0.37203158259764585,
      "scr_dir1_threshold_500": -0.025316111878593724,
      "scr_metric_threshold_500": 0.1873350354993619,
      "scr_dir2_threshold_500": 0.1873350354993619
    },
    {
      "dataset_name": "LabHC/bias_in_bios_class_set1_scr_attorney_teacher_results",
      "scr_dir1_threshold_2": 0.15555570272746339,
      "scr_metric_threshold_2": 0.11620790536168352,
      "scr_dir2_threshold_2": 0.11620790536168352,
      "scr_dir1_threshold_5": 0.2444447387882601,
      "scr_metric_threshold_5": 0.28440363460714707,
      "scr_dir2_threshold_5": 0.28440363460714707,
      "scr_dir1_threshold_10": 0.1925926907071978,
      "scr_metric_threshold_10": 0.339449522889458,
      "scr_dir2_threshold_10": 0.339449522889458,
      "scr_dir1_threshold_20": 0.022222369394130047,
      "scr_metric_threshold_20": 0.40366960436736143,
      "scr_dir2_threshold_20": 0.40366960436736143,
      "scr_dir1_threshold_50": 0.31851871474772897,
      "scr_metric_threshold_50": 0.4954128122636093,
      "scr_dir2_threshold_50": 0.4954128122636093,
      "scr_dir1_threshold_100": 0.13333333333333333,
      "scr_metric_threshold_100": 0.1896023623123684,
      "scr_dir2_threshold_100": 0.1896023623123684,
      "scr_dir1_threshold_500": 0.0,
      "scr_metric_threshold_500": 0.2721711947358348,
      "scr_dir2_threshold_500": 0.2721711947358348
    },
    {
      "dataset_name": "canrager/amazon_reviews_mcauley_1and5_scr_Books_CDs_and_Vinyl_results",
      "scr_dir1_threshold_2": 0.08071752234973815,
      "scr_metric_threshold_2": 0.2511416059506669,
      "scr_dir2_threshold_2": 0.2511416059506669,
      "scr_dir1_threshold_5": 0.09417026455108479,
      "scr_metric_threshold_5": 0.43378984870216997,
      "scr_dir2_threshold_5": 0.43378984870216997,
      "scr_dir1_threshold_10": 0.11210752143829489,
      "scr_metric_threshold_10": 0.5479452725892097,