{
  "eval_type_id": "scr",
  "eval_config": {
    "random_seed": 42,
    "dataset_names": [
      "LabHC/bias_in_bios_class_set1",
      "canrager/amazon_reviews_mcauley_1and5"
    ],
    "perform_scr": true,
    "early_stopping_patience": 20,
    "train_set_size": 4000,
    "test_set_size": 1000,
    "context_length": 128,
    "probe_train_batch_size": 16,
    "probe_test_batch_size": 500,
    "probe_epochs": 20,
    "probe_lr": 0.001,
    "probe_l1_penalty": 0.001,
    "sae_batch_size": 125,
    "llm_batch_size": 16,
    "llm_dtype": "bfloat16",
    "lower_vram_usage": false,
    "model_name": "google/gemma-2-2b",
    "n_values": [
      2,
      5,
      10,
      20,
      50,
      100,
      500
    ],
    "column1_vals_lookup": {
      "LabHC/bias_in_bios_class_set1": [
        [
          "professor",
          "nurse"
        ],
        [
          "architect",
          "journalist"
        ],
        [
          "surgeon",
          "psychologist"
        ],
        [
          "attorney",
          "teacher"
        ]
      ],
      "canrager/amazon_reviews_mcauley_1and5": [
        [
          "Books",
          "CDs_and_Vinyl"
        ],
        [
          "Software",
          "Electronics"
        ],
        [
          "Pet_Supplies",
          "Office_Products"
        ],
        [
          "Industrial_and_Scientific",
          "Toys_and_Games"
        ]
      ]
    }
  },
  "eval_id": "00244a20-12e3-4384-9d3a-cf8d6b435693",
  "datetime_epoch_millis": 1776512037704,
  "eval_result_metrics": {
    "scr_metrics": {
      "scr_dir1_threshold_2": 0.20550177689506796,
      "scr_metric_threshold_2": 0.09574347730119749,
      "scr_dir2_threshold_2": 0.14349128191618624,
      "scr_dir1_threshold_5": 0.2738028279352421,
      "scr_metric_threshold_5": 0.17705867444058931,
      "scr_dir2_threshold_5": 0.1760228330373702,
      "scr_dir1_threshold_10": 0.26708229071553646,
      "scr_metric_threshold_10": 0.25985899625821784,
      "scr_dir2_threshold_10": 0.19382007778442908,
      "scr_dir1_threshold_20": 0.2349043738512668,
      "scr_metric_threshold_20": 0.3256745535839211,
      "scr_dir2_threshold_20": 0.3049617922458998,
      "scr_dir1_threshold_50": 0.14806766912194239,
      "scr_metric_threshold_50": 0.31511992706646097,
      "scr_dir2_threshold_50": 0.2953411934964778,
      "scr_dir1_threshold_100": 0.024847965446250564,
      "scr_metric_threshold_100": 0.3216590661564141,
      "scr_dir2_threshold_100": 0.33956046682614727,
      "scr_dir1_threshold_500": -0.1974425066585586,
      "scr_metric_threshold_500": 0.31127918336515753,
      "scr_dir2_threshold_500": 0.3166296801183401
    }
  },
  "eval_result_details": [
    {
      "dataset_name": "LabHC/bias_in_bios_class_set1_scr_professor_nurse_results",
      "scr_dir1_threshold_2": 0.2564099820956838,
      "scr_metric_threshold_2": 0.08101266319410545,
      "scr_dir2_threshold_2": 0.08101266319410545,
      "scr_dir1_threshold_5": 0.4102564298503083,
      "scr_metric_threshold_5": 0.25569620405972476,
      "scr_dir2_threshold_5": 0.25569620405972476,
      "scr_dir1_threshold_10": 0.15384568359260078,
      "scr_metric_threshold_10": 0.2632911931052975,
      "scr_dir2_threshold_10": 0.2632911931052975,
      "scr_dir1_threshold_20": 0.3717946268711462,
      "scr_metric_threshold_20": 0.31139243829901336,
      "scr_dir2_threshold_20": 0.31139243829901336,
      "scr_dir1_threshold_50": -0.4102564298503083,
      "scr_metric_threshold_50": 0.34177209268566583,
      "scr_dir2_threshold_50": 0.34177209268566583,
      "scr_dir1_threshold_100": -0.37179539103317,
      "scr_metric_threshold_100": 0.3341772545379124,
      "scr_dir2_threshold_100": 0.3341772545379124,
      "scr_dir1_threshold_500": -1.166666794027004,
      "scr_metric_threshold_500": 0.24303798958231634,
      "scr_dir2_threshold_500": 0.24303798958231634
    },
    {
      "dataset_name": "LabHC/bias_in_bios_class_set1_scr_architect_journalist_results",
      "scr_dir1_threshold_2": 0.3828123435668641,
      "scr_metric_threshold_2": 0.096273340214399,
      "scr_dir2_threshold_2": 0.096273340214399,
      "scr_dir1_threshold_5": 0.4921873653947435,
      "scr_metric_threshold_5": 0.2049690648217118,
      "scr_dir2_threshold_5": 0.2049690648217118,
      "scr_dir1_threshold_10": 0.6015623872226229,
      "scr_metric_threshold_10": 0.26086970203603527,
      "scr_dir2_threshold_10": 0.26086970203603527,
      "scr_dir1_threshold_20": 0.5468751091393972,
      "scr_metric_threshold_20": 0.3105590545001133,
      "scr_dir2_threshold_20": 0.3105590545001133,
      "scr_dir1_threshold_50": 0.45312489086060287,
      "scr_metric_threshold_50": 0.38198762592868474,
      "scr_dir2_threshold_50": 0.38198762592868474,
      "scr_dir1_threshold_100": 0.31249979627312535,
      "scr_metric_threshold_100": 0.29192557046453116,
      "scr_dir2_threshold_100": 0.29192557046453116,
      "scr_dir1_threshold_500": 0.21093717621978847,
      "scr_metric_threshold_500": 0.3602485920717684,
      "scr_dir2_threshold_500": 0.3602485920717684
    },
    {
      "dataset_name": "LabHC/bias_in_bios_class_set1_scr_surgeon_psychologist_results",
      "scr_dir1_threshold_2": 0.5063290279696484,
      "scr_metric_threshold_2": 0.0686014847689691,
      "scr_dir2_threshold_2": 0.0686014847689691,
      "scr_dir1_threshold_5": 0.41772188190592885,
      "scr_metric_threshold_5": 0.153034214480783,
      "scr_dir2_threshold_5": 0.153034214480783,
      "scr_dir1_threshold_10": 0.6075949844613064,
      "scr_metric_threshold_10": 0.2744062536122537,
      "scr_dir2_threshold_10": 0.2744062536122537,
      "scr_dir1_threshold_20": 0.32911398135356773,
      "scr_metric_threshold_20": 0.3113455630319105,
      "scr_dir2_threshold_20": 0.3113455630319105,
      "scr_dir1_threshold_50": 0.151898934737487,
      "scr_metric_threshold_50": 0.42480213696014746,
      "scr_dir2_threshold_50": 0.42480213696014746,
      "scr_dir1_threshold_100": -0.1645562361881423,
      "scr_metric_threshold_100": 0.45910295797872636,
      "scr_dir2_threshold_100": 0.45910295797872636,
      "scr_dir1_threshold_500": -0.7848092765887456,
      "scr_metric_threshold_500": 0.10026381738647006,
      "scr_dir2_threshold_500": 0.10026381738647006
    },
    {
      "dataset_name": "LabHC/bias_in_bios_class_set1_scr_attorney_teacher_results",
      "scr_dir1_threshold_2": 0.2444447387882601,
      "scr_metric_threshold_2": 0.14984697829990065,
      "scr_dir2_threshold_2": 0.14984697829990065,
      "scr_dir1_threshold_5": 0.6074073092928022,
      "scr_metric_threshold_5": 0.27522925913436563,
      "scr_dir2_threshold_5": 0.27522925913436563,
      "scr_dir1_threshold_10": 0.3629630120202656,
      "scr_metric_threshold_10": 0.38532103569898746,
      "scr_dir2_threshold_10": 0.38532103569898746,
      "scr_dir1_threshold_20": -0.17037032131306776,
      "scr_metric_threshold_20": 0.34250758728798886,
      "scr_dir2_threshold_20": 0.34250758728798886,
      "scr_dir1_threshold_50": -0.1481479519189377,
      "scr_metric_threshold_50": 0.5015289410606709,
      "scr_dir2_threshold_50": 0.5015289410606709,
      "scr_dir1_threshold_100": -0.3037036546464011,
      "scr_metric_threshold_100": 0.29969413887699026,
      "scr_dir2_threshold_100": 0.29969413887699026,
      "scr_dir1_threshold_500": -0.5481479519189377,
      "scr_metric_threshold_500": 0.17431185804252528,
      "scr_dir2_threshold_500": 0.17431185804252528
    },
    {
      "dataset_name": "canrager/amazon_reviews_mcauley_1and5_scr_Books_CDs_and_Vinyl_results",
      "scr_dir1_threshold_2": 0.04035876117486908,
      "scr_metric_threshold_2": 0.32420084861779813,
      "scr_dir2_threshold_2": 0.32420084861779813,
      "scr_dir1_threshold_5": 0.06278026546252806,
      "scr_metric_threshold_5": 0.4063926667229146,
      "scr_dir2_threshold_5": 0.4063926667229146,
      "scr_dir1_threshold_10": 0.004484247400448879,
      "scr_metric_threshold_10": 0.5159816668072864,