{
  "eval_type_id": "scr",
  "eval_config": {
    "random_seed": 42,
    "dataset_names": [
      "LabHC/bias_in_bios_class_set1",
      "canrager/amazon_reviews_mcauley_1and5"
    ],
    "perform_scr": true,
    "early_stopping_patience": 20,
    "train_set_size": 4000,
    "test_set_size": 1000,
    "context_length": 128,
    "probe_train_batch_size": 16,
    "probe_test_batch_size": 500,
    "probe_epochs": 20,
    "probe_lr": 0.001,
    "probe_l1_penalty": 0.001,
    "sae_batch_size": 125,
    "llm_batch_size": 16,
    "llm_dtype": "bfloat16",
    "lower_vram_usage": false,
    "model_name": "google/gemma-2-2b",
    "n_values": [
      2,
      5,
      10,
      20,
      50,
      100,
      500
    ],
    "column1_vals_lookup": {
      "LabHC/bias_in_bios_class_set1": [
        [
          "professor",
          "nurse"
        ],
        [
          "architect",
          "journalist"
        ],
        [
          "surgeon",
          "psychologist"
        ],
        [
          "attorney",
          "teacher"
        ]
      ],
      "canrager/amazon_reviews_mcauley_1and5": [
        [
          "Books",
          "CDs_and_Vinyl"
        ],
        [
          "Software",
          "Electronics"
        ],
        [
          "Pet_Supplies",
          "Office_Products"
        ],
        [
          "Industrial_and_Scientific",
          "Toys_and_Games"
        ]
      ]
    }
  },
  "eval_id": "1af21153-fa95-4ca2-86d0-495e7ea7e1c5",
  "datetime_epoch_millis": 1776530135098,
  "eval_result_metrics": {
    "scr_metrics": {
      "scr_dir1_threshold_2": 0.3867686796904773,
      "scr_metric_threshold_2": 0.23358036555424433,
      "scr_dir2_threshold_2": 0.23358036555424433,
      "scr_dir1_threshold_5": 0.4207300776351636,
      "scr_metric_threshold_5": 0.3870641247235656,
      "scr_dir2_threshold_5": 0.3870641247235656,
      "scr_dir1_threshold_10": 0.40410147631741683,
      "scr_metric_threshold_10": 0.4928625368606519,
      "scr_dir2_threshold_10": 0.4928625368606519,
      "scr_dir1_threshold_20": 0.3628276521688162,
      "scr_metric_threshold_20": 0.5294711827236308,
      "scr_dir2_threshold_20": 0.5294711827236308,
      "scr_dir1_threshold_50": 0.1960742427335924,
      "scr_metric_threshold_50": 0.5149697623358601,
      "scr_dir2_threshold_50": 0.5149697623358601,
      "scr_dir1_threshold_100": 0.018731975402643673,
      "scr_metric_threshold_100": 0.5948422931461717,
      "scr_dir2_threshold_100": 0.5948422931461717,
      "scr_dir1_threshold_500": -0.21190509972478527,
      "scr_metric_threshold_500": 0.5742142925889071,
      "scr_dir2_threshold_500": 0.5742142925889071
    }
  },
  "eval_result_details": [
    {
      "dataset_name": "LabHC/bias_in_bios_class_set1_scr_professor_nurse_results",
      "scr_dir1_threshold_2": 0.6792454952105421,
      "scr_metric_threshold_2": 0.053221272146799066,
      "scr_dir2_threshold_2": 0.053221272146799066,
      "scr_dir1_threshold_5": 0.7264152587881701,
      "scr_metric_threshold_5": 0.14565822729438652,
      "scr_dir2_threshold_5": 0.14565822729438652,
      "scr_dir1_threshold_10": 0.34905658785920934,
      "scr_metric_threshold_10": 0.2577031074222644,
      "scr_dir2_threshold_10": 0.2577031074222644,
      "scr_dir1_threshold_20": 0.33962274760527106,
      "scr_metric_threshold_20": 0.3837535766961529,
      "scr_dir2_threshold_20": 0.3837535766961529,
      "scr_dir1_threshold_50": 0.23584881788814008,
      "scr_metric_threshold_50": 0.5042017101357616,
      "scr_dir2_threshold_50": 0.5042017101357616,
      "scr_dir1_threshold_100": -0.16981137380263553,
      "scr_metric_threshold_100": 0.5518208134080734,
      "scr_dir2_threshold_100": 0.5518208134080734,
      "scr_dir1_threshold_500": -0.1037733674091943,
      "scr_metric_threshold_500": 0.44257701771743924,
      "scr_dir2_threshold_500": 0.44257701771743924
    },
    {
      "dataset_name": "LabHC/bias_in_bios_class_set1_scr_architect_journalist_results",
      "scr_dir1_threshold_2": 0.6959061718342614,
      "scr_metric_threshold_2": 0.3107143617406261,
      "scr_dir2_threshold_2": 0.3107143617406261,
      "scr_dir1_threshold_5": 0.7192980315827926,
      "scr_metric_threshold_5": 0.5035713829556243,
      "scr_dir2_threshold_5": 0.5035713829556243,
      "scr_dir1_threshold_10": 0.7134501537869514,
      "scr_metric_threshold_10": 0.6750001064368766,
      "scr_dir2_threshold_10": 0.6750001064368766,
      "scr_dir1_threshold_20": 0.7251459093786338,
      "scr_metric_threshold_20": 0.8178571276518748,
      "scr_dir2_threshold_20": 0.8178571276518748,
      "scr_dir1_threshold_50": 0.6608185564940479,
      "scr_metric_threshold_50": 0.9035715958293774,
      "scr_dir2_threshold_50": 0.9035715958293774,
      "scr_dir1_threshold_100": 0.6491228009023655,
      "scr_metric_threshold_100": 0.9357144681775027,
      "scr_dir2_threshold_100": 0.9357144681775027,
      "scr_dir1_threshold_500": -0.07017557924559344,
      "scr_metric_threshold_500": 0.5928572340887514,
      "scr_dir2_threshold_500": 0.5928572340887514
    },
    {
      "dataset_name": "LabHC/bias_in_bios_class_set1_scr_surgeon_psychologist_results",
      "scr_dir1_threshold_2": 0.6571429787850017,
      "scr_metric_threshold_2": 0.15829149152812957,
      "scr_dir2_threshold_2": 0.15829149152812957,
      "scr_dir1_threshold_5": 0.7428570212149982,
      "scr_metric_threshold_5": 0.33668337343667,
      "scr_dir2_threshold_5": 0.33668337343667,
      "scr_dir1_threshold_10": 0.7428570212149982,
      "scr_metric_threshold_10": 0.47487432482399783,
      "scr_dir2_threshold_10": 0.47487432482399783,
      "scr_dir1_threshold_20": 0.24285659546749205,
      "scr_metric_threshold_20": 0.582914615760514,
      "scr_dir2_threshold_20": 0.582914615760514,
      "scr_dir1_threshold_50": 0.14285702121499824,
      "scr_metric_threshold_50": 0.43718592438028775,
      "scr_dir2_threshold_50": 0.43718592438028775,
      "scr_dir1_threshold_100": -0.12857148939250088,
      "scr_metric_threshold_100": 0.4447236643731861,
      "scr_dir2_threshold_100": 0.4447236643731861,
      "scr_dir1_threshold_500": -0.7428578727100106,
      "scr_metric_threshold_500": 0.5954774159084173,
      "scr_dir2_threshold_500": 0.5954774159084173
    },
    {
      "dataset_name": "LabHC/bias_in_bios_class_set1_scr_attorney_teacher_results",
      "scr_dir1_threshold_2": 0.5714285714285714,
      "scr_metric_threshold_2": 0.2796053702212862,
      "scr_dir2_threshold_2": 0.2796053702212862,
      "scr_dir1_threshold_5": 0.42857142857142855,
      "scr_metric_threshold_5": 0.43092116227481114,
      "scr_dir2_threshold_5": 0.43092116227481114,
      "scr_dir1_threshold_10": 0.38509299064244173,
      "scr_metric_threshold_10": 0.5921052476788502,
      "scr_dir2_threshold_10": 0.5921052476788502,
      "scr_dir1_threshold_20": 0.32298125378544995,
      "scr_metric_threshold_20": 0.2861842324549622,
      "scr_dir2_threshold_20": 0.2861842324549622,
      "scr_dir1_threshold_50": 0.049689537571655146,
      "scr_metric_threshold_50": 0.07565789602676248,
      "scr_dir2_threshold_50": 0.07565789602676248,
      "scr_dir1_threshold_100": -0.13664604321447452,
      "scr_metric_threshold_100": 0.21052633642819973,
      "scr_dir2_threshold_100": 0.21052633642819973,
      "scr_dir1_threshold_500": 0.08695650564281938,
      "scr_metric_threshold_500": 0.25000009803394874,
      "scr_dir2_threshold_500": 0.25000009803394874
    },
    {
      "dataset_name": "canrager/amazon_reviews_mcauley_1and5_scr_Books_CDs_and_Vinyl_results",
      "scr_dir1_threshold_2": 0.0069933334500417235,
      "scr_metric_threshold_2": 0.39175264277974753,
      "scr_dir2_threshold_2": 0.39175264277974753,
      "scr_dir1_threshold_5": 0.020979166718768625,
      "scr_metric_threshold_5": 0.5704467480648974,
      "scr_dir2_threshold_5": 0.5704467480648974,
      "scr_dir1_threshold_10": 0.034964999987495526,
      "scr_metric_threshold_10": 0.6666666666666666,