{
  "eval_type_id": "scr",
  "eval_config": {
    "random_seed": 42,
    "dataset_names": [
      "LabHC/bias_in_bios_class_set1",
      "canrager/amazon_reviews_mcauley_1and5"
    ],
    "perform_scr": true,
    "early_stopping_patience": 20,
    "train_set_size": 4000,
    "test_set_size": 1000,
    "context_length": 128,
    "probe_train_batch_size": 16,
    "probe_test_batch_size": 500,
    "probe_epochs": 20,
    "probe_lr": 0.001,
    "probe_l1_penalty": 0.001,
    "sae_batch_size": 125,
    "llm_batch_size": 16,
    "llm_dtype": "bfloat16",
    "lower_vram_usage": false,
    "model_name": "google/gemma-2-2b",
    "n_values": [
      2,
      5,
      10,
      20,
      50,
      100,
      500
    ],
    "column1_vals_lookup": {
      "LabHC/bias_in_bios_class_set1": [
        [
          "professor",
          "nurse"
        ],
        [
          "architect",
          "journalist"
        ],
        [
          "surgeon",
          "psychologist"
        ],
        [
          "attorney",
          "teacher"
        ]
      ],
      "canrager/amazon_reviews_mcauley_1and5": [
        [
          "Books",
          "CDs_and_Vinyl"
        ],
        [
          "Software",
          "Electronics"
        ],
        [
          "Pet_Supplies",
          "Office_Products"
        ],
        [
          "Industrial_and_Scientific",
          "Toys_and_Games"
        ]
      ]
    }
  },
  "eval_id": "238a0e1d-281d-425f-8de9-bd003130fa36",
  "datetime_epoch_millis": 1776508950743,
  "eval_result_metrics": {
    "scr_metrics": {
      "scr_dir1_threshold_2": 0.08867219445830093,
      "scr_metric_threshold_2": 0.09046945713692536,
      "scr_dir2_threshold_2": 0.13019911327464861,
      "scr_dir1_threshold_5": 0.055457696338097905,
      "scr_metric_threshold_5": 0.1781842517380716,
      "scr_dir2_threshold_5": 0.2462222517806112,
      "scr_dir1_threshold_10": 0.019434182105778745,
      "scr_metric_threshold_10": 0.2591202291585416,
      "scr_dir2_threshold_10": 0.2846995764006022,
      "scr_dir1_threshold_20": 0.26898587152911774,
      "scr_metric_threshold_20": 0.2789738065616261,
      "scr_dir2_threshold_20": 0.31136010010604115,
      "scr_dir1_threshold_50": 0.09404275330281356,
      "scr_metric_threshold_50": 0.41520757237227374,
      "scr_dir2_threshold_50": 0.4722014236502458,
      "scr_dir1_threshold_100": 0.03875526905912476,
      "scr_metric_threshold_100": 0.2698779157160506,
      "scr_dir2_threshold_100": 0.30982166845759096,
      "scr_dir1_threshold_500": -0.17440008470776364,
      "scr_metric_threshold_500": 0.17923241272525056,
      "scr_dir2_threshold_500": 0.17120762935788308
    }
  },
  "eval_result_details": [
    {
      "dataset_name": "LabHC/bias_in_bios_class_set1_scr_professor_nurse_results",
      "scr_dir1_threshold_2": 0.34615393432638736,
      "scr_metric_threshold_2": 0.005063376329654997,
      "scr_dir2_threshold_2": 0.005063376329654997,
      "scr_dir1_threshold_5": 0.28205067464044264,
      "scr_metric_threshold_5": 0.15443033734263809,
      "scr_dir2_threshold_5": 0.15443033734263809,
      "scr_dir1_threshold_10": 0.29487178507484585,
      "scr_metric_threshold_10": 0.25569620405972476,
      "scr_dir2_threshold_10": 0.25569620405972476,
      "scr_dir1_threshold_20": -0.16666679402700396,
      "scr_metric_threshold_20": -0.053164470625551435,
      "scr_dir2_threshold_20": -0.053164470625551435,
      "scr_dir1_threshold_50": -0.20512859700616604,
      "scr_metric_threshold_50": 0.29113923477603215,
      "scr_dir2_threshold_50": 0.29113923477603215,
      "scr_dir1_threshold_100": 0.05128214925154151,
      "scr_metric_threshold_100": 0.339240479969748,
      "scr_dir2_threshold_100": 0.339240479969748,
      "scr_dir1_threshold_500": -0.4487182328294704,
      "scr_metric_threshold_500": 0.316455663730849,
      "scr_dir2_threshold_500": 0.316455663730849
    },
    {
      "dataset_name": "LabHC/bias_in_bios_class_set1_scr_architect_journalist_results",
      "scr_dir1_threshold_2": 0.015624803549085138,
      "scr_metric_threshold_2": 0.021739218964493406,
      "scr_dir2_threshold_2": 0.021739218964493406,
      "scr_dir1_threshold_5": -0.11718788926384982,
      "scr_metric_threshold_5": 0.12111810900022657,
      "scr_dir2_threshold_5": 0.12111810900022657,
      "scr_dir1_threshold_10": -1.164063231233961,
      "scr_metric_threshold_10": 0.21739144921462558,
      "scr_dir2_threshold_10": 0.21739144921462558,
      "scr_dir1_threshold_20": 0.6015623872226229,
      "scr_metric_threshold_20": 0.35714285714285715,
      "scr_dir2_threshold_20": 0.35714285714285715,
      "scr_dir1_threshold_50": 0.49999976716928607,
      "scr_metric_threshold_50": 0.3633541418931026,
      "scr_dir2_threshold_50": 0.3633541418931026,
      "scr_dir1_threshold_100": 0.4140624163264622,
      "scr_metric_threshold_100": 0.0,
      "scr_dir2_threshold_100": 0.0,
      "scr_dir1_threshold_500": -0.06250014551919619,
      "scr_metric_threshold_500": 0.1614908120003021,
      "scr_dir2_threshold_500": 0.1614908120003021
    },
    {
      "dataset_name": "LabHC/bias_in_bios_class_set1_scr_surgeon_psychologist_results",
      "scr_dir1_threshold_2": 0.101265956491658,
      "scr_metric_threshold_2": 0.055408885495390865,
      "scr_dir2_threshold_2": 0.055408885495390865,
      "scr_dir1_threshold_5": 0.36708890366009983,
      "scr_metric_threshold_5": 0.1134564166600483,
      "scr_dir2_threshold_5": 0.1134564166600483,
      "scr_dir1_threshold_10": 0.18987385704401913,
      "scr_metric_threshold_10": 0.17941957029612812,
      "scr_dir2_threshold_10": 0.17941957029612812,
      "scr_dir1_threshold_20": 0.4303799378452257,
      "scr_metric_threshold_20": 0.19525065797078428,
      "scr_dir2_threshold_20": 0.19525065797078428,
      "scr_dir1_threshold_50": -1.1645562361881423,
      "scr_metric_threshold_50": 0.33773091884725565,
      "scr_dir2_threshold_50": 0.33773091884725565,
      "scr_dir1_threshold_100": -1.037973413329249,
      "scr_metric_threshold_100": 0.3482848724515673,
      "scr_dir2_threshold_100": 0.3482848724515673,
      "scr_dir1_threshold_500": -0.34177128280422303,
      "scr_metric_threshold_500": 0.12401052753254861,
      "scr_dir2_threshold_500": 0.12401052753254861
    },
    {
      "dataset_name": "LabHC/bias_in_bios_class_set1_scr_attorney_teacher_results",
      "scr_dir1_threshold_2": 0.0074077508085256686,
      "scr_metric_threshold_2": 0.1896023623123684,
      "scr_dir2_threshold_2": 0.1896023623123684,
      "scr_dir1_threshold_5": -0.6666662251509432,
      "scr_metric_threshold_5": 0.27522925913436563,
      "scr_dir2_threshold_5": 0.27522925913436563,
      "scr_dir1_threshold_10": -0.051851606565338805,
      "scr_metric_threshold_10": 0.33639145849092716,
      "scr_dir2_threshold_10": 0.33639145849092716,
      "scr_dir1_threshold_20": 0.21481506010132786,
      "scr_metric_threshold_20": 0.3883791000975183,
      "scr_dir2_threshold_20": 0.3883791000975183,
      "scr_dir1_threshold_50": 0.32592602404053117,
      "scr_metric_threshold_50": 0.5474006361473893,
      "scr_dir2_threshold_50": 0.5474006361473893,
      "scr_dir1_threshold_100": -0.07407397595946885,
      "scr_metric_threshold_100": 0.4556574282511415,
      "scr_dir2_threshold_100": 0.4556574282511415,
      "scr_dir1_threshold_500": -0.42222192787840657,
      "scr_metric_threshold_500": 0.48318037239229694,
      "scr_dir2_threshold_500": 0.48318037239229694
    },
    {
      "dataset_name": "canrager/amazon_reviews_mcauley_1and5_scr_Books_CDs_and_Vinyl_results",
      "scr_dir1_threshold_2": 0.08968601715063591,
      "scr_metric_threshold_2": 0.24657518214799917,
      "scr_dir2_threshold_2": 0.24657518214799917,
      "scr_dir1_threshold_5": 0.1838565489871353,
      "scr_metric_threshold_5": 0.30593596990917776,
      "scr_dir2_threshold_5": 0.30593596990917776,
      "scr_dir1_threshold_10": 0.26905831873732233,
      "scr_metric_threshold_10": 0.4292236970668525,