{
  "eval_type_id": "scr",
  "eval_config": {
    "random_seed": 42,
    "dataset_names": [
      "LabHC/bias_in_bios_class_set1",
      "canrager/amazon_reviews_mcauley_1and5"
    ],
    "perform_scr": true,
    "early_stopping_patience": 20,
    "train_set_size": 4000,
    "test_set_size": 1000,
    "context_length": 128,
    "probe_train_batch_size": 16,
    "probe_test_batch_size": 500,
    "probe_epochs": 20,
    "probe_lr": 0.001,
    "probe_l1_penalty": 0.001,
    "sae_batch_size": 125,
    "llm_batch_size": 16,
    "llm_dtype": "bfloat16",
    "lower_vram_usage": false,
    "model_name": "google/gemma-2-2b",
    "n_values": [
      2,
      5,
      10,
      20,
      50,
      100,
      500
    ],
    "column1_vals_lookup": {
      "LabHC/bias_in_bios_class_set1": [
        [
          "professor",
          "nurse"
        ],
        [
          "architect",
          "journalist"
        ],
        [
          "surgeon",
          "psychologist"
        ],
        [
          "attorney",
          "teacher"
        ]
      ],
      "canrager/amazon_reviews_mcauley_1and5": [
        [
          "Books",
          "CDs_and_Vinyl"
        ],
        [
          "Software",
          "Electronics"
        ],
        [
          "Pet_Supplies",
          "Office_Products"
        ],
        [
          "Industrial_and_Scientific",
          "Toys_and_Games"
        ]
      ]
    }
  },
  "eval_id": "cea63c10-df40-4574-8d95-fe759f6e6378",
  "datetime_epoch_millis": 1776491660093,
  "eval_result_metrics": {
    "scr_metrics": {
      "scr_dir1_threshold_2": 0.10838384651513974,
      "scr_metric_threshold_2": 0.08771985609697322,
      "scr_dir2_threshold_2": 0.08771985609697322,
      "scr_dir1_threshold_5": 0.22467295201521068,
      "scr_metric_threshold_5": 0.11471508265314931,
      "scr_dir2_threshold_5": 0.11471508265314931,
      "scr_dir1_threshold_10": 0.2828001889938563,
      "scr_metric_threshold_10": 0.18827661853479463,
      "scr_dir2_threshold_10": 0.18827661853479463,
      "scr_dir1_threshold_20": 0.31580241728034586,
      "scr_metric_threshold_20": 0.18698096860643376,
      "scr_dir2_threshold_20": 0.18698096860643376,
      "scr_dir1_threshold_50": 0.22045390100200976,
      "scr_metric_threshold_50": 0.27046250861692744,
      "scr_dir2_threshold_50": 0.27046250861692744,
      "scr_dir1_threshold_100": -0.08296274453056451,
      "scr_metric_threshold_100": 0.2809499878851541,
      "scr_dir2_threshold_100": 0.2809499878851541,
      "scr_dir1_threshold_500": -0.14921354035926135,
      "scr_metric_threshold_500": 0.23873484712318094,
      "scr_dir2_threshold_500": 0.23873484712318094
    }
  },
  "eval_result_details": [
    {
      "dataset_name": "LabHC/bias_in_bios_class_set1_scr_professor_nurse_results",
      "scr_dir1_threshold_2": 0.3428575807684906,
      "scr_metric_threshold_2": 0.028368849290866836,
      "scr_dir2_threshold_2": 0.028368849290866836,
      "scr_dir1_threshold_5": 0.5142855196584486,
      "scr_metric_threshold_5": 0.06619384076937612,
      "scr_dir2_threshold_5": 0.06619384076937612,
      "scr_dir1_threshold_10": 0.11428586025616354,
      "scr_metric_threshold_10": 0.10638300870410919,
      "scr_dir2_threshold_10": 0.10638300870410919,
      "scr_dir1_threshold_20": 0.22857172051232708,
      "scr_metric_threshold_20": 0.17494088502039593,
      "scr_dir2_threshold_20": 0.17494088502039593,
      "scr_dir1_threshold_50": 0.1428586025616354,
      "scr_metric_threshold_50": 0.215130052955129,
      "scr_dir2_threshold_50": 0.215130052955129,
      "scr_dir1_threshold_100": 0.0571437816223691,
      "scr_metric_threshold_100": 0.23877069024286143,
      "scr_dir2_threshold_100": 0.23877069024286143,
      "scr_dir1_threshold_500": -0.25714105684064964,
      "scr_metric_threshold_500": 0.11347511534484102,
      "scr_dir2_threshold_500": 0.11347511534484102
    },
    {
      "dataset_name": "LabHC/bias_in_bios_class_set1_scr_architect_journalist_results",
      "scr_dir1_threshold_2": 0.015384417878092908,
      "scr_metric_threshold_2": 0.049095588132238514,
      "scr_dir2_threshold_2": 0.049095588132238514,
      "scr_dir1_threshold_5": 0.29230760766203984,
      "scr_metric_threshold_5": 0.09043933857022482,
      "scr_dir2_threshold_5": 0.09043933857022482,
      "scr_dir1_threshold_10": 0.44615362043210616,
      "scr_metric_threshold_10": 0.11886305148347019,
      "scr_dir2_threshold_10": 0.11886305148347019,
      "scr_dir1_threshold_20": 0.5846152153240797,
      "scr_metric_threshold_20": 0.16279074781954056,
      "scr_dir2_threshold_20": 0.16279074781954056,
      "scr_dir1_threshold_50": 0.49230779106095357,
      "scr_metric_threshold_50": 0.2687339157954301,
      "scr_dir2_threshold_50": 0.2687339157954301,
      "scr_dir1_threshold_100": 0.5538454625733252,
      "scr_metric_threshold_100": 0.37984497556748775,
      "scr_dir2_threshold_100": 0.37984497556748775,
      "scr_dir1_threshold_500": 0.2769231897839469,
      "scr_metric_threshold_500": 0.11627910558538611,
      "scr_dir2_threshold_500": 0.11627910558538611
    },
    {
      "dataset_name": "LabHC/bias_in_bios_class_set1_scr_surgeon_psychologist_results",
      "scr_dir1_threshold_2": 0.21951223057979316,
      "scr_metric_threshold_2": 0.02955656201598755,
      "scr_dir2_threshold_2": 0.02955656201598755,
      "scr_dir1_threshold_5": 0.3902431578243437,
      "scr_metric_threshold_5": 0.051724056932709886,
      "scr_dir2_threshold_5": 0.051724056932709886,
      "scr_dir1_threshold_10": 0.5853654636222753,
      "scr_metric_threshold_10": 0.10591128304130484,
      "scr_dir2_threshold_10": 0.10591128304130484,
      "scr_dir1_threshold_20": 0.6097553884041369,
      "scr_metric_threshold_20": 0.10837430540772658,
      "scr_dir2_threshold_20": 0.10837430540772658,
      "scr_dir1_threshold_50": 0.3902431578243437,
      "scr_metric_threshold_50": 0.14778325050832777,
      "scr_dir2_threshold_50": 0.14778325050832777,
      "scr_dir1_threshold_100": -1.536585614058552,
      "scr_metric_threshold_100": 0.17241376779147183,
      "scr_dir2_threshold_100": 0.17241376779147183,
      "scr_dir1_threshold_500": -0.6341467669575179,
      "scr_metric_threshold_500": 0.40640382879080383,
      "scr_dir2_threshold_500": 0.40640382879080383
    },
    {
      "dataset_name": "LabHC/bias_in_bios_class_set1_scr_attorney_teacher_results",
      "scr_dir1_threshold_2": -0.010869424374669583,
      "scr_metric_threshold_2": 0.19571047932677757,
      "scr_dir2_threshold_2": 0.19571047932677757,
      "scr_dir1_threshold_5": 0.2391305756253304,
      "scr_metric_threshold_5": 0.18498659774473938,
      "scr_dir2_threshold_5": 0.18498659774473938,
      "scr_dir1_threshold_10": 0.423913381500793,
      "scr_metric_threshold_10": 0.24396786654696734,
      "scr_dir2_threshold_10": 0.24396786654696734,
      "scr_dir1_threshold_20": 0.5326089210005287,
      "scr_metric_threshold_20": 0.2815013721851189,
      "scr_dir2_threshold_20": 0.2815013721851189,
      "scr_dir1_threshold_50": -0.04347769749867833,
      "scr_metric_threshold_50": 0.4128685620196673,
      "scr_dir2_threshold_50": 0.4128685620196673,
      "scr_dir1_threshold_100": 0.10869618737625558,
      "scr_metric_threshold_100": 0.4530831579018016,
      "scr_dir2_threshold_100": 0.4530831579018016,
      "scr_dir1_threshold_500": -0.9347821579989427,
      "scr_metric_threshold_500": -0.0026809304460184897,
      "scr_dir2_threshold_500": -0.0026809304460184897
    },
    {
      "dataset_name": "canrager/amazon_reviews_mcauley_1and5_scr_Books_CDs_and_Vinyl_results",
      "scr_dir1_threshold_2": 0.049505192980344045,
      "scr_metric_threshold_2": 0.14009681866713658,
      "scr_dir2_threshold_2": 0.14009681866713658,
      "scr_dir1_threshold_5": 0.08910893426316568,
      "scr_metric_threshold_5": 0.19806765788894762,
      "scr_dir2_threshold_5": 0.19806765788894762,
      "scr_dir1_threshold_10": 0.23762392305926414,