{
  "eval_type_id": "scr",
  "eval_config": {
    "random_seed": 42,
    "dataset_names": [
      "LabHC/bias_in_bios_class_set1",
      "canrager/amazon_reviews_mcauley_1and5"
    ],
    "perform_scr": true,
    "early_stopping_patience": 20,
    "train_set_size": 4000,
    "test_set_size": 1000,
    "context_length": 128,
    "probe_train_batch_size": 16,
    "probe_test_batch_size": 500,
    "probe_epochs": 20,
    "probe_lr": 0.001,
    "probe_l1_penalty": 0.001,
    "sae_batch_size": 125,
    "llm_batch_size": 16,
    "llm_dtype": "bfloat16",
    "lower_vram_usage": false,
    "model_name": "google/gemma-2-2b",
    "n_values": [
      2,
      5,
      10,
      20,
      50,
      100,
      500
    ],
    "column1_vals_lookup": {
      "LabHC/bias_in_bios_class_set1": [
        [
          "professor",
          "nurse"
        ],
        [
          "architect",
          "journalist"
        ],
        [
          "surgeon",
          "psychologist"
        ],
        [
          "attorney",
          "teacher"
        ]
      ],
      "canrager/amazon_reviews_mcauley_1and5": [
        [
          "Books",
          "CDs_and_Vinyl"
        ],
        [
          "Software",
          "Electronics"
        ],
        [
          "Pet_Supplies",
          "Office_Products"
        ],
        [
          "Industrial_and_Scientific",
          "Toys_and_Games"
        ]
      ]
    }
  },
  "eval_id": "71b2b9d2-489a-4df2-92da-031548351d0c",
  "datetime_epoch_millis": 1776532032098,
  "eval_result_metrics": {
    "scr_metrics": {
      "scr_dir1_threshold_2": 0.37832405447338224,
      "scr_metric_threshold_2": 0.23606473300645192,
      "scr_dir2_threshold_2": 0.23606473300645192,
      "scr_dir1_threshold_5": 0.4352850074423928,
      "scr_metric_threshold_5": 0.37101724475547787,
      "scr_dir2_threshold_5": 0.37101724475547787,
      "scr_dir1_threshold_10": 0.3624648752637029,
      "scr_metric_threshold_10": 0.4721963583198988,
      "scr_dir2_threshold_10": 0.4721963583198988,
      "scr_dir1_threshold_20": 0.2715313796607604,
      "scr_metric_threshold_20": 0.5450889498826327,
      "scr_dir2_threshold_20": 0.5450889498826327,
      "scr_dir1_threshold_50": 0.10327972323969148,
      "scr_metric_threshold_50": 0.47757435083791433,
      "scr_dir2_threshold_50": 0.47757435083791433,
      "scr_dir1_threshold_100": 0.19090950093071218,
      "scr_metric_threshold_100": 0.5133370171456895,
      "scr_dir2_threshold_100": 0.5133370171456895,
      "scr_dir1_threshold_500": -0.06353654994498795,
      "scr_metric_threshold_500": 0.4594320102706342,
      "scr_dir2_threshold_500": 0.4594320102706342
    }
  },
  "eval_result_details": [
    {
      "dataset_name": "LabHC/bias_in_bios_class_set1_scr_professor_nurse_results",
      "scr_dir1_threshold_2": 0.6698110926486672,
      "scr_metric_threshold_2": 0.07563028156433312,
      "scr_dir2_threshold_2": 0.07563028156433312,
      "scr_dir1_threshold_5": 0.7169808562262953,
      "scr_metric_threshold_5": 0.13165263814837583,
      "scr_dir2_threshold_5": 0.13165263814837583,
      "scr_dir1_threshold_10": 0.2924529840276431,
      "scr_metric_threshold_10": 0.3641456517158625,
      "scr_dir2_threshold_10": 0.3641456517158625,
      "scr_dir1_threshold_20": 0.19811345687238702,
      "scr_metric_threshold_20": 0.4117647549881742,
      "scr_dir2_threshold_20": 0.4117647549881742,
      "scr_dir1_threshold_50": 0.27358474121182985,
      "scr_metric_threshold_50": 0.48179270071822766,
      "scr_dir2_threshold_50": 0.48179270071822766,
      "scr_dir1_threshold_100": 0.4150945942526506,
      "scr_metric_threshold_100": 0.5546218978453171,
      "scr_dir2_threshold_100": 0.5546218978453171,
      "scr_dir1_threshold_500": 0.03773592332368975,
      "scr_metric_threshold_500": 0.509803879010249,
      "scr_dir2_threshold_500": 0.509803879010249
    },
    {
      "dataset_name": "LabHC/bias_in_bios_class_set1_scr_architect_journalist_results",
      "scr_dir1_threshold_2": 0.6783625384467379,
      "scr_metric_threshold_2": 0.47500010643687657,
      "scr_dir2_threshold_2": 0.47500010643687657,
      "scr_dir1_threshold_5": 0.6783625384467379,
      "scr_metric_threshold_5": 0.6142857446962504,
      "scr_dir2_threshold_5": 0.6142857446962504,
      "scr_dir1_threshold_10": 0.6842104162425791,
      "scr_metric_threshold_10": 0.7071429787850018,
      "scr_dir2_threshold_10": 0.7071429787850018,
      "scr_dir1_threshold_20": 0.4269003075739028,
      "scr_metric_threshold_20": 0.8464286170443757,
      "scr_dir2_threshold_20": 0.8464286170443757,
      "scr_dir1_threshold_50": 0.5906429772484545,
      "scr_metric_threshold_50": 0.789285851133127,
      "scr_dir2_threshold_50": 0.789285851133127,
      "scr_dir1_threshold_100": 0.4269003075739028,
      "scr_metric_threshold_100": 0.8178571276518748,
      "scr_dir2_threshold_100": 0.8178571276518748,
      "scr_dir1_threshold_500": 0.5847950994526132,
      "scr_metric_threshold_500": 0.7535715958293774,
      "scr_dir2_threshold_500": 0.7535715958293774
    },
    {
      "dataset_name": "LabHC/bias_in_bios_class_set1_scr_surgeon_psychologist_results",
      "scr_dir1_threshold_2": 0.6428574469625045,
      "scr_metric_threshold_2": 0.12311562116192198,
      "scr_dir2_threshold_2": 0.12311562116192198,
      "scr_dir1_threshold_5": 0.7142859575700036,
      "scr_metric_threshold_5": 0.3417085833520659,
      "scr_dir2_threshold_5": 0.3417085833520659,
      "scr_dir1_threshold_10": 0.6142855318224973,
      "scr_metric_threshold_10": 0.4447236643731861,
      "scr_dir2_threshold_10": 0.4447236643731861,
      "scr_dir1_threshold_20": 0.2714285106074991,
      "scr_metric_threshold_20": 0.4824120648168962,
      "scr_dir2_threshold_20": 0.4824120648168962,
      "scr_dir1_threshold_50": -0.3000004257475062,
      "scr_metric_threshold_50": 0.5251256751760022,
      "scr_dir2_threshold_50": 0.5251256751760022,
      "scr_dir1_threshold_100": -0.08571489392500883,
      "scr_metric_threshold_100": 0.454773934443587,
      "scr_dir2_threshold_100": 0.454773934443587,
      "scr_dir1_threshold_500": -0.9142859575700035,
      "scr_metric_threshold_500": 0.46984926466899285,
      "scr_dir2_threshold_500": 0.46984926466899285
    },
    {
      "dataset_name": "LabHC/bias_in_bios_class_set1_scr_attorney_teacher_results",
      "scr_dir1_threshold_2": 0.5652174717859031,
      "scr_metric_threshold_2": 0.2796053702212862,
      "scr_dir2_threshold_2": 0.2796053702212862,
      "scr_dir1_threshold_5": 0.5031057349289113,
      "scr_metric_threshold_5": 0.3684211867832983,
      "scr_dir2_threshold_5": 0.3684211867832983,
      "scr_dir1_threshold_10": 0.22981364849996225,
      "scr_metric_threshold_10": 0.5,
      "scr_dir2_threshold_10": 0.5,
      "scr_dir1_threshold_20": 0.07453430635748272,
      "scr_metric_threshold_20": 0.6019737370972619,
      "scr_dir2_threshold_20": 0.6019737370972619,
      "scr_dir1_threshold_50": -0.13664604321447452,
      "scr_metric_threshold_50": 0.02631584107049935,
      "scr_dir2_threshold_50": 0.02631584107049935,
      "scr_dir1_threshold_100": 0.01863366914315924,
      "scr_metric_threshold_100": 0.23355274638186105,
      "scr_dir2_threshold_100": 0.23355274638186105,
      "scr_dir1_threshold_500": -0.22981364849996225,
      "scr_metric_threshold_500": 0.11184222651567347,
      "scr_dir2_threshold_500": 0.11184222651567347
    },
    {
      "dataset_name": "canrager/amazon_reviews_mcauley_1and5_scr_Books_CDs_and_Vinyl_results",
      "scr_dir1_threshold_2": -0.04895083325622243,
      "scr_metric_threshold_2": 0.36082479717011084,
      "scr_dir2_threshold_2": 0.36082479717011084,
      "scr_dir1_threshold_5": 0.0,
      "scr_metric_threshold_5": 0.5463916660009791,
      "scr_dir2_threshold_5": 0.5463916660009791,
      "scr_dir1_threshold_10": 0.0069933334500417235,
      "scr_metric_threshold_10": 0.6426115846027484,
      "scr_dir2_threshold_10": 0.6426115846027484,