{
  "eval_type_id": "scr",
  "eval_config": {
    "random_seed": 42,
    "dataset_names": [
      "LabHC/bias_in_bios_class_set1",
      "canrager/amazon_reviews_mcauley_1and5"
    ],
    "perform_scr": true,
    "early_stopping_patience": 20,
    "train_set_size": 4000,
    "test_set_size": 1000,
    "context_length": 128,
    "probe_train_batch_size": 16,
    "probe_test_batch_size": 500,
    "probe_epochs": 20,
    "probe_lr": 0.001,
    "probe_l1_penalty": 0.001,
    "sae_batch_size": 125,
    "llm_batch_size": 16,
    "llm_dtype": "bfloat16",
    "lower_vram_usage": false,
    "model_name": "google/gemma-2-2b",
    "n_values": [
      2,
      5,
      10,
      20,
      50,
      100,
      500
    ],
    "column1_vals_lookup": {
      "LabHC/bias_in_bios_class_set1": [
        [
          "professor",
          "nurse"
        ],
        [
          "architect",
          "journalist"
        ],
        [
          "surgeon",
          "psychologist"
        ],
        [
          "attorney",
          "teacher"
        ]
      ],
      "canrager/amazon_reviews_mcauley_1and5": [
        [
          "Books",
          "CDs_and_Vinyl"
        ],
        [
          "Software",
          "Electronics"
        ],
        [
          "Pet_Supplies",
          "Office_Products"
        ],
        [
          "Industrial_and_Scientific",
          "Toys_and_Games"
        ]
      ]
    }
  },
  "eval_id": "d0afd169-70e5-46d6-a56c-7ad3004c79c7",
  "datetime_epoch_millis": 1776490592911,
  "eval_result_metrics": {
    "scr_metrics": {
      "scr_dir1_threshold_2": 0.11472269291757303,
      "scr_metric_threshold_2": 0.05979149334986277,
      "scr_dir2_threshold_2": 0.05979149334986277,
      "scr_dir1_threshold_5": 0.26842309015940863,
      "scr_metric_threshold_5": 0.09885365732567139,
      "scr_dir2_threshold_5": 0.09885365732567139,
      "scr_dir1_threshold_10": 0.27105255205550494,
      "scr_metric_threshold_10": 0.1592036734261542,
      "scr_dir2_threshold_10": 0.1592036734261542,
      "scr_dir1_threshold_20": 0.2745229544105668,
      "scr_metric_threshold_20": 0.22778173581469313,
      "scr_dir2_threshold_20": 0.22778173581469313,
      "scr_dir1_threshold_50": 0.14127908264353514,
      "scr_metric_threshold_50": 0.2789810258535174,
      "scr_dir2_threshold_50": 0.2789810258535174,
      "scr_dir1_threshold_100": 0.0682762902386532,
      "scr_metric_threshold_100": 0.2857944762489761,
      "scr_dir2_threshold_100": 0.2857944762489761,
      "scr_dir1_threshold_500": 0.04904494298918435,
      "scr_metric_threshold_500": 0.23666652363076754,
      "scr_dir2_threshold_500": 0.23666652363076754
    }
  },
  "eval_result_details": [
    {
      "dataset_name": "LabHC/bias_in_bios_class_set1_scr_professor_nurse_results",
      "scr_dir1_threshold_2": 0.37142862008538785,
      "scr_metric_threshold_2": -0.0023640355469106127,
      "scr_dir2_threshold_2": -0.0023640355469106127,
      "scr_dir1_threshold_5": 0.4857144803415514,
      "scr_metric_threshold_5": 0.026004672834643063,
      "scr_dir2_threshold_5": 0.026004672834643063,
      "scr_dir1_threshold_10": 0.5142855196584486,
      "scr_metric_threshold_10": 0.03073288483777745,
      "scr_dir2_threshold_10": 0.03073288483777745,
      "scr_dir1_threshold_20": 0.5142855196584486,
      "scr_metric_threshold_20": 0.07801415941324234,
      "scr_dir2_threshold_20": 0.07801415941324234,
      "scr_dir1_threshold_50": 0.11428586025616354,
      "scr_metric_threshold_50": 0.09692672560715357,
      "scr_dir2_threshold_50": 0.09692672560715357,
      "scr_dir1_threshold_100": -0.057142078633794446,
      "scr_metric_threshold_100": 0.1631205663765297,
      "scr_dir2_threshold_100": 0.1631205663765297,
      "scr_dir1_threshold_500": 0.0,
      "scr_metric_threshold_500": 0.31678484965610376,
      "scr_dir2_threshold_500": 0.31678484965610376
    },
    {
      "dataset_name": "LabHC/bias_in_bios_class_set1_scr_architect_journalist_results",
      "scr_dir1_threshold_2": -0.01538533487266155,
      "scr_metric_threshold_2": 0.09302328446830889,
      "scr_dir2_threshold_2": 0.09302328446830889,
      "scr_dir1_threshold_5": 0.44615362043210616,
      "scr_metric_threshold_5": 0.12919898909296676,
      "scr_dir2_threshold_5": 0.12919898909296676,
      "scr_dir1_threshold_10": 0.4307692025540133,
      "scr_metric_threshold_10": 0.16020680192145648,
      "scr_dir2_threshold_10": 0.16020680192145648,
      "scr_dir1_threshold_20": 0.49230779106095357,
      "scr_metric_threshold_20": 0.21963832766319158,
      "scr_dir2_threshold_20": 0.21963832766319158,
      "scr_dir1_threshold_50": 0.5230766268171394,
      "scr_metric_threshold_50": 0.34883716273899806,
      "scr_dir2_threshold_50": 0.34883716273899806,
      "scr_dir1_threshold_100": 0.5230766268171394,
      "scr_metric_threshold_100": 0.4005168507864809,
      "scr_dir2_threshold_100": 0.4005168507864809,
      "scr_dir1_threshold_500": -0.10769275913578764,
      "scr_metric_threshold_500": 0.08268734685881232,
      "scr_dir2_threshold_500": 0.08268734685881232
    },
    {
      "dataset_name": "LabHC/bias_in_bios_class_set1_scr_surgeon_psychologist_results",
      "scr_dir1_threshold_2": 0.21951223057979316,
      "scr_metric_threshold_2": 0.044334989833444666,
      "scr_dir2_threshold_2": 0.044334989833444666,
      "scr_dir1_threshold_5": 0.4634143859414479,
      "scr_metric_threshold_5": 0.044334989833444666,
      "scr_dir2_threshold_5": 0.044334989833444666,
      "scr_dir1_threshold_10": 0.5121942355051711,
      "scr_metric_threshold_10": 0.07635457421585395,
      "scr_dir2_threshold_10": 0.07635457421585395,
      "scr_dir1_threshold_20": 0.4634143859414479,
      "scr_metric_threshold_20": 0.10098523830846136,
      "scr_dir2_threshold_20": 0.10098523830846136,
      "scr_dir1_threshold_50": -0.048781303335242616,
      "scr_metric_threshold_50": 0.14285705896602094,
      "scr_dir2_threshold_50": 0.14285705896602094,
      "scr_dir1_threshold_100": -0.5609755388404137,
      "scr_metric_threshold_100": 0.1748767901578936,
      "scr_dir2_threshold_100": 0.1748767901578936,
      "scr_dir1_threshold_500": -0.0731712281171042,
      "scr_metric_threshold_500": 0.35221674949167225,
      "scr_dir2_threshold_500": 0.35221674949167225
    },
    {
      "dataset_name": "LabHC/bias_in_bios_class_set1_scr_attorney_teacher_results",
      "scr_dir1_threshold_2": 0.0,
      "scr_metric_threshold_2": 0.024128693610094884,
      "scr_dir2_threshold_2": 0.024128693610094884,
      "scr_dir1_threshold_5": 0.28260892100052865,
      "scr_metric_threshold_5": 0.09115275375037832,
      "scr_dir2_threshold_5": 0.09115275375037832,
      "scr_dir1_threshold_10": 0.06521784200105733,
      "scr_metric_threshold_10": 0.1796247368527024,
      "scr_dir2_threshold_10": 0.1796247368527024,
      "scr_dir1_threshold_20": 0.15217453275145384,
      "scr_metric_threshold_20": 0.28954416352317436,
      "scr_dir2_threshold_20": 0.28954416352317436,
      "scr_dir1_threshold_50": -0.076086618499207,
      "scr_metric_threshold_50": 0.20375327066483304,
      "scr_dir2_threshold_50": 0.20375327066483304,
      "scr_dir1_threshold_100": 0.05434841762638775,
      "scr_metric_threshold_100": 0.21447715224687122,
      "scr_dir2_threshold_100": 0.21447715224687122,
      "scr_dir1_threshold_500": 0.11956561175092517,
      "scr_metric_threshold_500": 0.05361924811222675,
      "scr_dir2_threshold_500": 0.05361924811222675
    },
    {
      "dataset_name": "canrager/amazon_reviews_mcauley_1and5_scr_Books_CDs_and_Vinyl_results",
      "scr_dir1_threshold_2": 0.07920807271057699,
      "scr_metric_threshold_2": 0.10144940055584926,
      "scr_dir2_threshold_2": 0.10144940055584926,
      "scr_dir1_threshold_5": 0.08910893426316568,
      "scr_metric_threshold_5": 0.17874394883330397,
      "scr_dir2_threshold_5": 0.17874394883330397,
      "scr_dir1_threshold_10": 0.07920807271057699,
      "scr_metric_threshold_10": 0.29951705844479687,