{
  "eval_type_id": "scr",
  "eval_config": {
    "random_seed": 42,
    "dataset_names": [
      "LabHC/bias_in_bios_class_set1",
      "canrager/amazon_reviews_mcauley_1and5"
    ],
    "perform_scr": true,
    "early_stopping_patience": 20,
    "train_set_size": 4000,
    "test_set_size": 1000,
    "context_length": 128,
    "probe_train_batch_size": 16,
    "probe_test_batch_size": 500,
    "probe_epochs": 20,
    "probe_lr": 0.001,
    "probe_l1_penalty": 0.001,
    "sae_batch_size": 125,
    "llm_batch_size": 16,
    "llm_dtype": "bfloat16",
    "lower_vram_usage": false,
    "model_name": "google/gemma-2-2b",
    "n_values": [
      2,
      5,
      10,
      20,
      50,
      100,
      500
    ],
    "column1_vals_lookup": {
      "LabHC/bias_in_bios_class_set1": [
        [
          "professor",
          "nurse"
        ],
        [
          "architect",
          "journalist"
        ],
        [
          "surgeon",
          "psychologist"
        ],
        [
          "attorney",
          "teacher"
        ]
      ],
      "canrager/amazon_reviews_mcauley_1and5": [
        [
          "Books",
          "CDs_and_Vinyl"
        ],
        [
          "Software",
          "Electronics"
        ],
        [
          "Pet_Supplies",
          "Office_Products"
        ],
        [
          "Industrial_and_Scientific",
          "Toys_and_Games"
        ]
      ]
    }
  },
  "eval_id": "6651f805-7557-4a74-82ae-b2ee5317e056",
  "datetime_epoch_millis": 1776489495868,
  "eval_result_metrics": {
    "scr_metrics": {
      "scr_dir1_threshold_2": 0.07316046413160311,
      "scr_metric_threshold_2": 0.07222679384020703,
      "scr_dir2_threshold_2": 0.07222679384020703,
      "scr_dir1_threshold_5": 0.13093166199425846,
      "scr_metric_threshold_5": 0.14865418691306434,
      "scr_dir2_threshold_5": 0.14865418691306434,
      "scr_dir1_threshold_10": -0.0012037299680161522,
      "scr_metric_threshold_10": 0.14450797694160566,
      "scr_dir2_threshold_10": 0.14450797694160566,
      "scr_dir1_threshold_20": -0.10954076450599953,
      "scr_metric_threshold_20": 0.07734698922332833,
      "scr_dir2_threshold_20": 0.07734698922332833,
      "scr_dir1_threshold_50": 0.04726377093038616,
      "scr_metric_threshold_50": 0.13610631777476975,
      "scr_dir2_threshold_50": 0.13610631777476975,
      "scr_dir1_threshold_100": -0.08310112378098,
      "scr_metric_threshold_100": 0.24647452334546965,
      "scr_dir2_threshold_100": 0.24647452334546965,
      "scr_dir1_threshold_500": -0.32934013581757776,
      "scr_metric_threshold_500": 0.15509414630308138,
      "scr_dir2_threshold_500": 0.15509414630308138
    }
  },
  "eval_result_details": [
    {
      "dataset_name": "LabHC/bias_in_bios_class_set1_scr_professor_nurse_results",
      "scr_dir1_threshold_2": 0.37142862008538785,
      "scr_metric_threshold_2": -0.0070922475500449994,
      "scr_dir2_threshold_2": -0.0070922475500449994,
      "scr_dir1_threshold_5": 0.5714293012808177,
      "scr_metric_threshold_5": 0.13238768153875224,
      "scr_dir2_threshold_5": 0.13238768153875224,
      "scr_dir1_threshold_10": 0.5428582619639205,
      "scr_metric_threshold_10": 0.1725768494734853,
      "scr_dir2_threshold_10": 0.1725768494734853,
      "scr_dir1_threshold_20": 0.37142862008538785,
      "scr_metric_threshold_20": 0.20567376985817337,
      "scr_dir2_threshold_20": 0.20567376985817337,
      "scr_dir1_threshold_50": 0.42857240170775696,
      "scr_metric_threshold_50": 0.23167844269281643,
      "scr_dir2_threshold_50": 0.23167844269281643,
      "scr_dir1_threshold_100": 0.5142855196584486,
      "scr_metric_threshold_100": 0.20330973431126276,
      "scr_dir2_threshold_100": 0.20330973431126276,
      "scr_dir1_threshold_500": -0.08571311795069167,
      "scr_metric_threshold_500": 0.08747044251019796,
      "scr_dir2_threshold_500": 0.08747044251019796
    },
    {
      "dataset_name": "LabHC/bias_in_bios_class_set1_scr_architect_journalist_results",
      "scr_dir1_threshold_2": -0.06153858850694027,
      "scr_metric_threshold_2": 0.07751945506264417,
      "scr_dir2_threshold_2": 0.07751945506264417,
      "scr_dir1_threshold_5": -0.21538460127700665,
      "scr_metric_threshold_5": 0.1343668808891349,
      "scr_dir2_threshold_5": 0.1343668808891349,
      "scr_dir1_threshold_10": -0.30769294253470136,
      "scr_metric_threshold_10": 0.15503875610812806,
      "scr_dir2_threshold_10": 0.15503875610812806,
      "scr_dir1_threshold_20": -0.21538460127700665,
      "scr_metric_threshold_20": 0.24031004886502444,
      "scr_dir2_threshold_20": 0.24031004886502444,
      "scr_dir1_threshold_50": 0.07692300638503319,
      "scr_metric_threshold_50": 0.3100775122162561,
      "scr_dir2_threshold_50": 0.3100775122162561,
      "scr_dir1_threshold_100": -1.0307697527507544,
      "scr_metric_threshold_100": 0.3359172792314174,
      "scr_dir2_threshold_100": 0.3359172792314174,
      "scr_dir1_threshold_500": -0.5692307974459867,
      "scr_metric_threshold_500": 0.09043933857022482,
      "scr_dir2_threshold_500": 0.09043933857022482
    },
    {
      "dataset_name": "LabHC/bias_in_bios_class_set1_scr_surgeon_psychologist_results",
      "scr_dir1_threshold_2": 0.19512085202641213,
      "scr_metric_threshold_2": 0.014778281007993775,
      "scr_dir2_threshold_2": 0.014778281007993775,
      "scr_dir1_threshold_5": 0.4878043107233095,
      "scr_metric_threshold_5": 0.06157629320786018,
      "scr_dir2_threshold_5": 0.06157629320786018,
      "scr_dir1_threshold_10": -0.6097568421756563,
      "scr_metric_threshold_10": 0.049261034566288144,
      "scr_dir2_threshold_10": 0.049261034566288144,
      "scr_dir1_threshold_20": -0.21951223057979316,
      "scr_metric_threshold_20": 0.07142852948301047,
      "scr_dir2_threshold_20": 0.07142852948301047,
      "scr_dir1_threshold_50": 0.31707338347875896,
      "scr_metric_threshold_50": 0.13793101423317747,
      "scr_dir2_threshold_50": 0.13793101423317747,
      "scr_dir1_threshold_100": 0.36585323304248213,
      "scr_metric_threshold_100": 0.26108374745836116,
      "scr_dir2_threshold_100": 0.26108374745836116,
      "scr_dir1_threshold_500": -0.39024461159586316,
      "scr_metric_threshold_500": 0.049261034566288144,
      "scr_dir2_threshold_500": 0.049261034566288144
    },
    {
      "dataset_name": "LabHC/bias_in_bios_class_set1_scr_attorney_teacher_results",
      "scr_dir1_threshold_2": 0.021739496625859084,
      "scr_metric_threshold_2": 0.04825738722018977,
      "scr_dir2_threshold_2": 0.04825738722018977,
      "scr_dir1_threshold_5": -0.3152171941245374,
      "scr_metric_threshold_5": 0.12332439849649292,
      "scr_dir2_threshold_5": 0.12332439849649292,
      "scr_dir1_threshold_10": 0.36956561175092517,
      "scr_metric_threshold_10": 0.20643436090881576,
      "scr_dir2_threshold_10": 0.20643436090881576,
      "scr_dir1_threshold_20": -0.29347769749867836,
      "scr_metric_threshold_20": 0.2841823026311374,
      "scr_dir2_threshold_20": 0.2841823026311374,
      "scr_dir1_threshold_50": 0.32608726637572694,
      "scr_metric_threshold_50": 0.36729226504346024,
      "scr_dir2_threshold_50": 0.36729226504346024,
      "scr_dir1_threshold_100": -0.43478215799894265,
      "scr_metric_threshold_100": 0.4584450187938386,
      "scr_dir2_threshold_100": 0.4584450187938386,
      "scr_dir1_threshold_500": -1.4673910789994713,
      "scr_metric_threshold_500": 0.22788196427492793,
      "scr_dir2_threshold_500": 0.22788196427492793
    },
    {
      "dataset_name": "canrager/amazon_reviews_mcauley_1and5_scr_Books_CDs_and_Vinyl_results",
      "scr_dir1_threshold_2": -0.06930691608552145,
      "scr_metric_threshold_2": 0.20289851316657856,
      "scr_dir2_threshold_2": 0.20289851316657856,
      "scr_dir1_threshold_5": 0.13861412724350974,
      "scr_metric_threshold_5": 0.2222222222222222,
      "scr_dir2_threshold_5": 0.2222222222222222,
      "scr_dir1_threshold_10": 0.4603962587171784,