{
  "eval_type_id": "scr",
  "eval_config": {
    "random_seed": 42,
    "dataset_names": [
      "LabHC/bias_in_bios_class_set1",
      "canrager/amazon_reviews_mcauley_1and5"
    ],
    "perform_scr": true,
    "early_stopping_patience": 20,
    "train_set_size": 4000,
    "test_set_size": 1000,
    "context_length": 128,
    "probe_train_batch_size": 16,
    "probe_test_batch_size": 500,
    "probe_epochs": 20,
    "probe_lr": 0.001,
    "probe_l1_penalty": 0.001,
    "sae_batch_size": 125,
    "llm_batch_size": 16,
    "llm_dtype": "bfloat16",
    "lower_vram_usage": false,
    "model_name": "google/gemma-2-2b",
    "n_values": [
      2,
      5,
      10,
      20,
      50,
      100,
      500
    ],
    "column1_vals_lookup": {
      "LabHC/bias_in_bios_class_set1": [
        [
          "professor",
          "nurse"
        ],
        [
          "architect",
          "journalist"
        ],
        [
          "surgeon",
          "psychologist"
        ],
        [
          "attorney",
          "teacher"
        ]
      ],
      "canrager/amazon_reviews_mcauley_1and5": [
        [
          "Books",
          "CDs_and_Vinyl"
        ],
        [
          "Software",
          "Electronics"
        ],
        [
          "Pet_Supplies",
          "Office_Products"
        ],
        [
          "Industrial_and_Scientific",
          "Toys_and_Games"
        ]
      ]
    }
  },
  "eval_id": "ce1b3aa8-28a2-49bf-b188-b6014bf1a954",
  "datetime_epoch_millis": 1776528226929,
  "eval_result_metrics": {
    "scr_metrics": {
      "scr_dir1_threshold_2": 0.40440522914540195,
      "scr_metric_threshold_2": 0.3225968494298863,
      "scr_dir2_threshold_2": 0.3225968494298863,
      "scr_dir1_threshold_5": 0.4274371241338808,
      "scr_metric_threshold_5": 0.4670570899561227,
      "scr_dir2_threshold_5": 0.4670570899561227,
      "scr_dir1_threshold_10": 0.3425249691443689,
      "scr_metric_threshold_10": 0.5371198037114681,
      "scr_dir2_threshold_10": 0.5371198037114681,
      "scr_dir1_threshold_20": 0.35998012449847194,
      "scr_metric_threshold_20": 0.536318313349959,
      "scr_dir2_threshold_20": 0.536318313349959,
      "scr_dir1_threshold_50": 0.17132368778614665,
      "scr_metric_threshold_50": 0.5472740814326793,
      "scr_dir2_threshold_50": 0.5472740814326793,
      "scr_dir1_threshold_100": 0.08918719254971816,
      "scr_metric_threshold_100": 0.5301317339670051,
      "scr_dir2_threshold_100": 0.5301317339670051,
      "scr_dir1_threshold_500": -0.3237075138997877,
      "scr_metric_threshold_500": 0.3462411417707937,
      "scr_dir2_threshold_500": 0.3462411417707937
    }
  },
  "eval_result_details": [
    {
      "dataset_name": "LabHC/bias_in_bios_class_set1_scr_professor_nurse_results",
      "scr_dir1_threshold_2": 0.6886793354644805,
      "scr_metric_threshold_2": 0.08683478627310014,
      "scr_dir2_threshold_2": 0.08683478627310014,
      "scr_dir1_threshold_5": 0.6132074888171009,
      "scr_metric_threshold_5": 0.3193277998405868,
      "scr_dir2_threshold_5": 0.3193277998405868,
      "scr_dir1_threshold_10": 0.08490568690131776,
      "scr_metric_threshold_10": 0.3697478205903498,
      "scr_dir2_threshold_10": 0.3697478205903498,
      "scr_dir1_threshold_20": 0.7169808562262953,
      "scr_metric_threshold_20": 0.3697478205903498,
      "scr_dir2_threshold_20": 0.3697478205903498,
      "scr_dir1_threshold_50": -0.0754718466473795,
      "scr_metric_threshold_50": 0.42296925969694127,
      "scr_dir2_threshold_50": 0.42296925969694127,
      "scr_dir1_threshold_100": -0.24528322045001505,
      "scr_metric_threshold_100": 0.4733894474064967,
      "scr_dir2_threshold_100": 0.4733894474064967,
      "scr_dir1_threshold_500": 0.018867680507876527,
      "scr_metric_threshold_500": 0.5406163086993064,
      "scr_dir2_threshold_500": 0.5406163086993064
    },
    {
      "dataset_name": "LabHC/bias_in_bios_class_set1_scr_architect_journalist_results",
      "scr_dir1_threshold_2": 0.6959061718342614,
      "scr_metric_threshold_2": 0.6321428723481253,
      "scr_dir2_threshold_2": 0.6321428723481253,
      "scr_dir1_threshold_5": 0.8011693664200684,
      "scr_metric_threshold_5": 0.7714287234812522,
      "scr_dir2_threshold_5": 0.7714287234812522,
      "scr_dir1_threshold_10": 0.8362573303254484,
      "scr_metric_threshold_10": 0.8678571276518747,
      "scr_dir2_threshold_10": 0.8678571276518747,
      "scr_dir1_threshold_20": 0.8362573303254484,
      "scr_metric_threshold_20": 0.889285851133127,
      "scr_dir2_threshold_20": 0.889285851133127,
      "scr_dir1_threshold_50": 0.7660817510798549,
      "scr_metric_threshold_50": 0.8678571276518747,
      "scr_dir2_threshold_50": 0.8678571276518747,
      "scr_dir1_threshold_100": 0.8187133483727583,
      "scr_metric_threshold_100": 0.7821428723481252,
      "scr_dir2_threshold_100": 0.7821428723481252,
      "scr_dir1_threshold_500": -0.046783719497062295,
      "scr_metric_threshold_500": 0.689285851133127,
      "scr_dir2_threshold_500": 0.689285851133127
    },
    {
      "dataset_name": "LabHC/bias_in_bios_class_set1_scr_surgeon_psychologist_results",
      "scr_dir1_threshold_2": 0.6999995742524938,
      "scr_metric_threshold_2": 0.19597989197183965,
      "scr_dir2_threshold_2": 0.19597989197183965,
      "scr_dir1_threshold_5": 0.5571425530374956,
      "scr_metric_threshold_5": 0.3894472538661768,
      "scr_dir2_threshold_5": 0.3894472538661768,
      "scr_dir1_threshold_10": 0.25714297878500175,
      "scr_metric_threshold_10": 0.47989953473939373,
      "scr_dir2_threshold_10": 0.47989953473939373,
      "scr_dir1_threshold_20": -0.5142859575700035,
      "scr_metric_threshold_20": 0.5125628750280988,
      "scr_dir2_threshold_20": 0.5125628750280988,
      "scr_dir1_threshold_50": -0.2714285106074991,
      "scr_metric_threshold_50": 0.6331658163521274,
      "scr_dir2_threshold_50": 0.6331658163521274,
      "scr_dir1_threshold_100": 0.11428595757000354,
      "scr_metric_threshold_100": 0.28140711269005153,
      "scr_dir2_threshold_100": 0.28140711269005153,
      "scr_dir1_threshold_500": -0.8428574469625044,
      "scr_metric_threshold_500": 0.4949748649647996,
      "scr_dir2_threshold_500": 0.4949748649647996
    },
    {
      "dataset_name": "LabHC/bias_in_bios_class_set1_scr_attorney_teacher_results",
      "scr_dir1_threshold_2": 0.596273340214399,
      "scr_metric_threshold_2": 0.3717106179001363,
      "scr_dir2_threshold_2": 0.3717106179001363,
      "scr_dir1_threshold_5": 0.819875889071693,
      "scr_metric_threshold_5": 0.5296052721873374,
      "scr_dir2_threshold_5": 0.5296052721873374,
      "scr_dir1_threshold_10": 0.7391304830715418,
      "scr_metric_threshold_10": 0.4835526483479123,
      "scr_dir2_threshold_10": 0.4835526483479123,
      "scr_dir1_threshold_20": 0.7391304830715418,
      "scr_metric_threshold_20": 0.34868420794647503,
      "scr_dir2_threshold_20": 0.34868420794647503,
      "scr_dir1_threshold_50": 0.7329193834288735,
      "scr_metric_threshold_50": 0.05592111325783673,
      "scr_dir2_threshold_50": 0.05592111325783673,
      "scr_dir1_threshold_100": 0.6521739774287225,
      "scr_metric_threshold_100": 0.1842104953577004,
      "scr_dir2_threshold_100": 0.1842104953577004,
      "scr_dir1_threshold_500": 0.6335403082855633,
      "scr_metric_threshold_500": -0.3421051496449014,
      "scr_dir2_threshold_500": -0.3421051496449014
    },
    {
      "dataset_name": "canrager/amazon_reviews_mcauley_1and5_scr_Books_CDs_and_Vinyl_results",
      "scr_dir1_threshold_2": -0.013985833268726903,
      "scr_metric_threshold_2": 0.4089347564709955,
      "scr_dir2_threshold_2": 0.4089347564709955,
      "scr_dir1_threshold_5": -0.06992999997499105,
      "scr_metric_threshold_5": 0.580756098210427,
      "scr_dir2_threshold_5": 0.580756098210427,
      "scr_dir1_threshold_10": -0.20279708329060972,
      "scr_metric_threshold_10": 0.6632302848938074,