{
  "input_norm_mean": 99.51302337646484,
  "input_norm_std": 9.687695503234863,
  "input_norm_median": 98.74042510986328,
  "standard": {
    "active_per_token_mean": 79.20552062988281,
    "nonzero_act_mean": 4.081191062927246,
    "nonzero_act_std": 3.423250913619995,
    "nonzero_act_median": 2.890408754348755,
    "nonzero_act_p25": 2.2710330486297607,
    "nonzero_act_p75": 4.3465776443481445,
    "nonzero_act_p95": 10.371706008911133,
    "nonzero_act_p99": 19.96265983581543,
    "total_act_per_token_mean": 323.25286865234375,
    "total_act_per_token_std": 84.798583984375,
    "max_act_per_token_mean": 22.43609046936035,
    "rec_norm_mean": 92.59999084472656,
    "error_norm_mean": 36.12015914916992,
    "rec_input_ratio_mean": 0.930377185344696
  },
  "adaptive_l2": {
    "active_per_token_mean": 80.35855865478516,
    "nonzero_act_mean": 4.0031890869140625,
    "nonzero_act_std": 3.1368496417999268,
    "nonzero_act_median": 2.8914222717285156,
    "nonzero_act_p25": 2.2544023990631104,
    "nonzero_act_p75": 4.352584362030029,
    "nonzero_act_p95": 10.053025245666504,
    "nonzero_act_p99": 18.111940383911133,
    "total_act_per_token_mean": 321.6904602050781,
    "total_act_per_token_std": 91.41668701171875,
    "max_act_per_token_mean": 20.01405906677246,
    "rec_norm_mean": 92.54325866699219,
    "error_norm_mean": 36.18207550048828,
    "rec_input_ratio_mean": 0.9299241304397583
  },
  "perfeature_l2": {
    "active_per_token_mean": 80.3099365234375,
    "nonzero_act_mean": 3.9526119232177734,
    "nonzero_act_std": 3.2797276973724365,
    "nonzero_act_median": 2.83200740814209,
    "nonzero_act_p25": 2.2550809383392334,
    "nonzero_act_p75": 4.185649394989014,
    "nonzero_act_p95": 9.74859619140625,
    "nonzero_act_p99": 19.413190841674805,
    "total_act_per_token_mean": 317.43402099609375,
    "total_act_per_token_std": 90.17410278320312,
    "max_act_per_token_mean": 22.40142822265625,
    "rec_norm_mean": 92.59619903564453,
    "error_norm_mean": 36.063655853271484,
    "rec_input_ratio_mean": 0.930469274520874
  },
  "no_C": {
    "active_per_token_mean": 79.0615005493164,
    "nonzero_act_mean": 0.02770250476896763,
    "nonzero_act_std": 0.05203710496425629,
    "nonzero_act_median": 0.01628154143691063,
    "nonzero_act_p25": 0.012658214196562767,
    "nonzero_act_p75": 0.024681393057107925,
    "nonzero_act_p95": 0.06201310455799103,
    "nonzero_act_p99": 0.4330134391784668,
    "total_act_per_token_mean": 2.1902015209198,
    "total_act_per_token_std": 0.4003434181213379,
    "max_act_per_token_mean": 0.4610184133052826,
    "rec_norm_mean": 94.08074188232422,
    "error_norm_mean": 36.568546295166016,
    "rec_input_ratio_mean": 0.9450283050537109
  }
}