{
  "standard": {
    "dec_norm_mean": 1.0,
    "dec_norm_std": 6.419718090455717e-08,
    "dec_norm_median": 1.0,
    "dec_norm_min": 0.9999997019767761,
    "dec_norm_max": 1.0000003576278687,
    "enc_norm_mean": 1.3595693111419678,
    "enc_norm_std": 0.2146449089050293,
    "pairwise_cos_mean": 0.0028722782153636217,
    "pairwise_cos_std": 0.029450194910168648,
    "pairwise_gt05_pct": 8.891852871784067e-07,
    "pairwise_gt03_pct": 5.66855633223895e-05,
    "enc_dec_alignment_mean": 0.6074404716491699,
    "enc_dec_alignment_std": 0.0783524364233017
  },
  "adaptive_l2": {
    "dec_norm_mean": 1.0,
    "dec_norm_std": 6.405262098496678e-08,
    "dec_norm_median": 1.0,
    "dec_norm_min": 0.9999996423721313,
    "dec_norm_max": 1.000000238418579,
    "enc_norm_mean": 1.7504475116729736,
    "enc_norm_std": 0.20287510752677917,
    "pairwise_cos_mean": 0.0023435417097061872,
    "pairwise_cos_std": 0.028393123298883438,
    "pairwise_gt05_pct": 2.2229632179460168e-07,
    "pairwise_gt03_pct": 4.156941213295795e-05,
    "enc_dec_alignment_mean": 0.6540639400482178,
    "enc_dec_alignment_std": 0.05418482795357704
  },
  "perfeature_l2": {
    "dec_norm_mean": 1.0,
    "dec_norm_std": 6.405557684274754e-08,
    "dec_norm_median": 1.0,
    "dec_norm_min": 0.9999997615814209,
    "dec_norm_max": 1.000000238418579,
    "enc_norm_mean": 1.7404472827911377,
    "enc_norm_std": 0.1718118041753769,
    "pairwise_cos_mean": 0.002506728982552886,
    "pairwise_cos_std": 0.028966352343559265,
    "pairwise_gt05_pct": 6.668889795946598e-07,
    "pairwise_gt03_pct": 5.646326462738216e-05,
    "enc_dec_alignment_mean": 0.668494701385498,
    "enc_dec_alignment_std": 0.07674051821231842
  },
  "no_C": {
    "dec_norm_mean": 1.0,
    "dec_norm_std": 6.361909044017011e-08,
    "dec_norm_median": 1.0,
    "dec_norm_min": 0.9999997615814209,
    "dec_norm_max": 1.000000238418579,
    "enc_norm_mean": 1.0,
    "enc_norm_std": 6.472238567312161e-08,
    "pairwise_cos_mean": 0.03560966998338699,
    "pairwise_cos_std": 0.03642568737268448,
    "pairwise_gt05_pct": 4.4459264358920336e-07,
    "pairwise_gt03_pct": 9.73657879512757e-05,
    "enc_dec_alignment_mean": 0.6810610294342041,
    "enc_dec_alignment_std": 0.0670756846666336
  },
  "adamkarvonen_ref": {
    "dec_norm_mean": 1.0,
    "dec_norm_std": 1.1204441818790656e-07,
    "dec_norm_median": 0.9999998807907104,
    "dec_norm_min": 0.9999995827674866,
    "dec_norm_max": 1.0000001192092896,
    "enc_norm_mean": 1.317474126815796,
    "enc_norm_std": 0.1784752607345581,
    "pairwise_cos_mean": 0.0021829300094395876,
    "pairwise_cos_std": 0.02902311645448208,
    "pairwise_gt05_pct": 2.2229632179460168e-07,
    "pairwise_gt03_pct": 4.9127487727673724e-05,
    "enc_dec_alignment_mean": 0.6257990002632141,
    "enc_dec_alignment_std": 0.06645061075687408
  }
}