{
  "standard": {
    "elapsed_s": 11.112942457199097
  },
  "no_C": {
    "elapsed_s": 191.8179225921631
  }
}