{
  "eval_type_id": "scr",
  "eval_config": {
    "random_seed": 42,
    "dataset_names": [
      "LabHC/bias_in_bios_class_set1",
      "canrager/amazon_reviews_mcauley_1and5"
    ],
    "perform_scr": true,
    "early_stopping_patience": 20,
    "train_set_size": 4000,
    "test_set_size": 1000,
    "context_length": 128,
    "probe_train_batch_size": 16,
    "probe_test_batch_size": 500,
    "probe_epochs": 20,
    "probe_lr": 0.001,
    "probe_l1_penalty": 0.001,
    "sae_batch_size": 125,
    "llm_batch_size": 8,
    "llm_dtype": "bfloat16",
    "lower_vram_usage": false,
    "model_name": "Qwen/Qwen3-8B",
    "n_values": [
      2,
      5,
      10,
      20,
      50,
      100,
      500
    ],
    "column1_vals_lookup": {
      "LabHC/bias_in_bios_class_set1": [
        [
          "professor",
          "nurse"
        ],
        [
          "architect",
          "journalist"
        ],
        [
          "surgeon",
          "psychologist"
        ],
        [
          "attorney",
          "teacher"
        ]
      ],
      "canrager/amazon_reviews_mcauley_1and5": [
        [
          "Books",
          "CDs_and_Vinyl"
        ],
        [
          "Software",
          "Electronics"
        ],
        [
          "Pet_Supplies",
          "Office_Products"
        ],
        [
          "Industrial_and_Scientific",
          "Toys_and_Games"
        ]
      ]
    }
  },
  "eval_id": "f1caf663-872a-4a00-a532-47114db8829d",
  "datetime_epoch_millis": 1776392292052,
  "eval_result_metrics": {
    "scr_metrics": {
      "scr_dir1_threshold_2": -0.05490433375560997,
      "scr_metric_threshold_2": 0.1109008995218862,
      "scr_dir2_threshold_2": 0.1109008995218862,
      "scr_dir1_threshold_5": -0.5561577919622056,
      "scr_metric_threshold_5": 0.20890769274949264,
      "scr_dir2_threshold_5": 0.20890769274949264,
      "scr_dir1_threshold_10": -0.4374211637417993,
      "scr_metric_threshold_10": 0.24042374411802386,
      "scr_dir2_threshold_10": 0.24042374411802386,
      "scr_dir1_threshold_20": -0.8701155034824646,
      "scr_metric_threshold_20": 0.30711208244284854,
      "scr_dir2_threshold_20": 0.30711208244284854,
      "scr_dir1_threshold_50": -1.2763427342458316,
      "scr_metric_threshold_50": 0.26296464163621286,
      "scr_dir2_threshold_50": 0.26296464163621286,
      "scr_dir1_threshold_100": -0.7833178938914163,
      "scr_metric_threshold_100": 0.36198589035715767,
      "scr_dir2_threshold_100": 0.36198589035715767,
      "scr_dir1_threshold_500": -0.9787275248192303,
      "scr_metric_threshold_500": 0.20917507433579147,
      "scr_dir2_threshold_500": 0.20917507433579147
    }
  },
  "eval_result_details": [
    {
      "dataset_name": "LabHC/bias_in_bios_class_set1_scr_professor_nurse_results",
      "scr_dir1_threshold_2": 0.2982460543280829,
      "scr_metric_threshold_2": 0.07901235258337548,
      "scr_dir2_threshold_2": 0.07901235258337548,
      "scr_dir1_threshold_5": -0.5087718197513126,
      "scr_metric_threshold_5": 0.1185186024610388,
      "scr_dir2_threshold_5": 0.1185186024610388,
      "scr_dir1_threshold_10": 0.3684216580344473,
      "scr_metric_threshold_10": 0.15308649751801862,
      "scr_dir2_threshold_10": 0.15308649751801862,
      "scr_dir1_threshold_20": -0.6842103061692919,
      "scr_metric_threshold_20": 0.14814814269733514,
      "scr_dir2_threshold_20": 0.14814814269733514,
      "scr_dir1_threshold_50": 0.3157896938307081,
      "scr_metric_threshold_50": -0.19506170404809697,
      "scr_dir2_threshold_50": -0.19506170404809697,
      "scr_dir1_threshold_100": 0.28070241482545766,
      "scr_metric_threshold_100": -0.21234557799061132,
      "scr_dir2_threshold_100": -0.21234557799061132,
      "scr_dir1_threshold_500": -0.6666666666666666,
      "scr_metric_threshold_500": -0.21481482898692864,
      "scr_dir2_threshold_500": -0.21481482898692864
    },
    {
      "dataset_name": "LabHC/bias_in_bios_class_set1_scr_architect_journalist_results",
      "scr_dir1_threshold_2": -0.2881359956074397,
      "scr_metric_threshold_2": 0.1896023623123684,
      "scr_dir2_threshold_2": 0.1896023623123684,
      "scr_dir1_threshold_5": -1.203390292825569,
      "scr_metric_threshold_5": 0.23547387512189788,
      "scr_dir2_threshold_5": 0.23547387512189788,
      "scr_dir1_threshold_10": -0.07627123352853017,
      "scr_metric_threshold_10": 0.15290522497562042,
      "scr_dir2_threshold_10": 0.15290522497562042,
      "scr_dir1_threshold_20": -0.5423731039530517,
      "scr_metric_threshold_20": 0.35474002715930114,
      "scr_dir2_threshold_20": 0.35474002715930114,
      "scr_dir1_threshold_50": -1.5847464604682198,
      "scr_metric_threshold_50": 0.2966360744784594,
      "scr_dir2_threshold_50": 0.2966360744784594,
      "scr_dir1_threshold_100": 0.6779661273791983,
      "scr_metric_threshold_100": 0.47706424359523525,
      "scr_dir2_threshold_100": 0.47706424359523525,
      "scr_dir1_threshold_500": 0.5677965117130733,
      "scr_metric_threshold_500": 0.1406727851043081,
      "scr_dir2_threshold_500": 0.1406727851043081
    },
    {
      "dataset_name": "LabHC/bias_in_bios_class_set1_scr_surgeon_psychologist_results",
      "scr_dir1_threshold_2": -0.14062502910382568,
      "scr_metric_threshold_2": 0.06361332147104867,
      "scr_dir2_threshold_2": 0.06361332147104867,
      "scr_dir1_threshold_5": -0.250000465661211,
      "scr_metric_threshold_5": 0.09414758231128305,
      "scr_dir2_threshold_5": 0.09414758231128305,
      "scr_dir1_threshold_10": -0.3437501746229541,
      "scr_metric_threshold_10": 0.15012726273939303,
      "scr_dir2_threshold_10": 0.15012726273939303,
      "scr_dir1_threshold_20": -2.250000465661211,
      "scr_metric_threshold_20": -0.061068673346228966,
      "scr_dir2_threshold_20": -0.061068673346228966,
      "scr_dir1_threshold_50": -2.250000465661211,
      "scr_metric_threshold_50": -0.07379130730728665,
      "scr_dir2_threshold_50": -0.07379130730728665,
      "scr_dir1_threshold_100": -1.2812500582076514,
      "scr_metric_threshold_100": 0.1882951646225661,
      "scr_dir2_threshold_100": 0.1882951646225661,
      "scr_dir1_threshold_500": 0.14062502910382568,
      "scr_metric_threshold_500": -0.21119593608562198,
      "scr_dir2_threshold_500": -0.21119593608562198
    },
    {
      "dataset_name": "LabHC/bias_in_bios_class_set1_scr_attorney_teacher_results",
      "scr_dir1_threshold_2": -0.2769231897839469,
      "scr_metric_threshold_2": 0.15044245453651944,
      "scr_dir2_threshold_2": 0.15044245453651944,
      "scr_dir1_threshold_5": -2.161538680206397,
      "scr_metric_threshold_5": 0.2566371696975654,
      "scr_dir2_threshold_5": 0.2566371696975654,
      "scr_dir1_threshold_10": -2.338461778290887,
      "scr_metric_threshold_10": 0.24483773736579506,
      "scr_dir2_threshold_10": 0.24483773736579506,
      "scr_dir1_threshold_20": -2.376923281483404,
      "scr_metric_threshold_20": 0.4129794283124134,
      "scr_dir2_threshold_20": 0.4129794283124134,
      "scr_dir1_threshold_50": -2.500000458497284,
      "scr_metric_threshold_50": 0.36578169898533214,
      "scr_dir2_threshold_50": 0.36578169898533214,
      "scr_dir1_threshold_100": -2.5923078827604105,
      "scr_metric_threshold_100": 0.436578292975954,
      "scr_dir2_threshold_100": 0.436578292975954,
      "scr_dir1_threshold_500": -2.5538463795678936,
      "scr_metric_threshold_500": 0.7787611272977456,
      "scr_dir2_threshold_500": 0.7787611272977456
    },
    {
      "dataset_name": "canrager/amazon_reviews_mcauley_1and5_scr_Books_CDs_and_Vinyl_results",
      "scr_dir1_threshold_2": -0.24999958607900924,
      "scr_metric_threshold_2": 0.17622966938234202,
      "scr_dir2_threshold_2": 0.17622966938234202,
      "scr_dir1_threshold_5": -0.3402774098480082,
      "scr_metric_threshold_5": 0.266393413589516,
      "scr_dir2_threshold_5": 0.266393413589516,
      "scr_dir1_threshold_10": -0.7152774098480082,