{
  "eval_type_id": "scr",
  "eval_config": {
    "random_seed": 42,
    "dataset_names": [
      "LabHC/bias_in_bios_class_set1",
      "canrager/amazon_reviews_mcauley_1and5"
    ],
    "perform_scr": true,
    "early_stopping_patience": 20,
    "train_set_size": 4000,
    "test_set_size": 1000,
    "context_length": 128,
    "probe_train_batch_size": 16,
    "probe_test_batch_size": 500,
    "probe_epochs": 20,
    "probe_lr": 0.001,
    "probe_l1_penalty": 0.001,
    "sae_batch_size": 125,
    "llm_batch_size": 8,
    "llm_dtype": "bfloat16",
    "lower_vram_usage": false,
    "model_name": "Qwen/Qwen3-8B",
    "n_values": [
      2,
      5,
      10,
      20,
      50,
      100,
      500
    ],
    "column1_vals_lookup": {
      "LabHC/bias_in_bios_class_set1": [
        [
          "professor",
          "nurse"
        ],
        [
          "architect",
          "journalist"
        ],
        [
          "surgeon",
          "psychologist"
        ],
        [
          "attorney",
          "teacher"
        ]
      ],
      "canrager/amazon_reviews_mcauley_1and5": [
        [
          "Books",
          "CDs_and_Vinyl"
        ],
        [
          "Software",
          "Electronics"
        ],
        [
          "Pet_Supplies",
          "Office_Products"
        ],
        [
          "Industrial_and_Scientific",
          "Toys_and_Games"
        ]
      ]
    }
  },
  "eval_id": "d1016416-366b-4093-85c5-25d61d24936e",
  "datetime_epoch_millis": 1776399518876,
  "eval_result_metrics": {
    "scr_metrics": {
      "scr_dir1_threshold_2": 0.108547408493136,
      "scr_metric_threshold_2": 0.17213656655450868,
      "scr_dir2_threshold_2": 0.16988831088887169,
      "scr_dir1_threshold_5": 0.08639842698160873,
      "scr_metric_threshold_5": 0.21576417125107114,
      "scr_dir2_threshold_5": 0.2266256219874866,
      "scr_dir1_threshold_10": -1.4125544429966153,
      "scr_metric_threshold_10": 0.2844749623832158,
      "scr_dir2_threshold_10": 0.3150299699713095,
      "scr_dir1_threshold_20": -0.565376401002118,
      "scr_metric_threshold_20": 0.27508129217942406,
      "scr_dir2_threshold_20": 0.3327856500182067,
      "scr_dir1_threshold_50": -0.013630169505691583,
      "scr_metric_threshold_50": 0.33078460065829685,
      "scr_dir2_threshold_50": 0.38498275979930296,
      "scr_dir1_threshold_100": -0.2860685176963544,
      "scr_metric_threshold_100": 0.3613003570798576,
      "scr_dir2_threshold_100": 0.3989531109819173,
      "scr_dir1_threshold_500": -0.4216349455518555,
      "scr_metric_threshold_500": 0.1279520397128609,
      "scr_dir2_threshold_500": 0.08224687299672588
    }
  },
  "eval_result_details": [
    {
      "dataset_name": "LabHC/bias_in_bios_class_set1_scr_professor_nurse_results",
      "scr_dir1_threshold_2": 0.022726995639375396,
      "scr_metric_threshold_2": 0.05361305555625025,
      "scr_dir2_threshold_2": 0.05361305555625025,
      "scr_dir1_threshold_5": -0.20454567005826357,
      "scr_metric_threshold_5": 0.11655013889687786,
      "scr_dir2_threshold_5": 0.11655013889687786,
      "scr_dir1_threshold_10": -3.02272970494326,
      "scr_metric_threshold_10": 0.1934731944447918,
      "scr_dir2_threshold_10": 0.1934731944447918,
      "scr_dir1_threshold_20": -1.0227283502913178,
      "scr_metric_threshold_20": 0.25874124999687387,
      "scr_dir2_threshold_20": 0.25874124999687387,
      "scr_dir1_threshold_50": -0.045455345930693294,
      "scr_metric_threshold_50": 0.24475527778958756,
      "scr_dir2_threshold_50": 0.24475527778958756,
      "scr_dir1_threshold_100": -0.886365021803123,
      "scr_metric_threshold_100": 0.20979027780209203,
      "scr_dir2_threshold_100": 0.20979027780209203,
      "scr_dir1_threshold_500": -1.6818193517448594,
      "scr_metric_threshold_500": 0.2937062499843694,
      "scr_dir2_threshold_500": 0.2937062499843694
    },
    {
      "dataset_name": "LabHC/bias_in_bios_class_set1_scr_architect_journalist_results",
      "scr_dir1_threshold_2": 0.275861903593954,
      "scr_metric_threshold_2": 0.1195652878126652,
      "scr_dir2_threshold_2": 0.1195652878126652,
      "scr_dir1_threshold_5": 0.275861903593954,
      "scr_metric_threshold_5": 0.11413041365620044,
      "scr_dir2_threshold_5": 0.11413041365620044,
      "scr_dir1_threshold_10": -1.2643678003422814,
      "scr_metric_threshold_10": 0.19836958634379956,
      "scr_dir2_threshold_10": 0.19836958634379956,
      "scr_dir1_threshold_20": 0.413793197946312,
      "scr_metric_threshold_20": 0.2445652878126652,
      "scr_dir2_threshold_20": 0.2445652878126652,
      "scr_dir1_threshold_50": -0.03448299486577995,
      "scr_metric_threshold_50": 0.3940218165939317,
      "scr_dir2_threshold_50": 0.3940218165939317,
      "scr_dir1_threshold_100": -1.4367814044496574,
      "scr_metric_threshold_100": 0.48097834537519824,
      "scr_dir2_threshold_100": 0.48097834537519824,
      "scr_dir1_threshold_500": -0.21839070222482868,
      "scr_metric_threshold_500": 0.24728264390633262,
      "scr_dir2_threshold_500": 0.24728264390633262
    },
    {
      "dataset_name": "LabHC/bias_in_bios_class_set1_scr_surgeon_psychologist_results",
      "scr_dir1_threshold_2": 0.18000002384185224,
      "scr_metric_threshold_2": 0.024999973922970244,
      "scr_dir2_threshold_2": 0.024999973922970244,
      "scr_dir1_threshold_5": -0.6199990224840587,
      "scr_metric_threshold_5": 0.03749996088445536,
      "scr_dir2_threshold_5": 0.03749996088445536,
      "scr_dir1_threshold_10": -5.499998211861083,
      "scr_metric_threshold_10": 0.1675000637024584,
      "scr_dir2_threshold_10": 0.1675000637024584,
      "scr_dir1_threshold_20": -0.8399997138977733,
      "scr_metric_threshold_20": 0.21249992735684567,
      "scr_dir2_threshold_20": 0.21249992735684567,
      "scr_dir1_threshold_50": -0.9599993324281377,
      "scr_metric_threshold_50": 0.19500000521540595,
      "scr_dir2_threshold_50": 0.19500000521540595,
      "scr_dir1_threshold_100": -0.5199991416933198,
      "scr_metric_threshold_100": 0.17249999888241302,
      "scr_dir2_threshold_100": 0.17249999888241302,
      "scr_dir1_threshold_500": -0.6799994277955466,
      "scr_metric_threshold_500": 0.21999997913837618,
      "scr_dir2_threshold_500": 0.21999997913837618
    },
    {
      "dataset_name": "LabHC/bias_in_bios_class_set1_scr_attorney_teacher_results",
      "scr_dir1_threshold_2": -0.19565223025013218,
      "scr_metric_threshold_2": 0.1671159774485617,
      "scr_dir2_threshold_2": 0.1671159774485617,
      "scr_dir1_threshold_5": 0.1739127336242731,
      "scr_metric_threshold_5": 0.26145549702555193,
      "scr_dir2_threshold_5": 0.26145549702555193,
      "scr_dir1_threshold_10": -2.4456522302501322,
      "scr_metric_threshold_10": 0.3665768687740467,
      "scr_dir2_threshold_10": 0.3665768687740467,
      "scr_dir1_threshold_20": -3.869564963874405,
      "scr_metric_threshold_20": 0.4716980798631439,
      "scr_dir2_threshold_20": 0.4716980798631439,
      "scr_dir1_threshold_50": -0.173913381500793,
      "scr_metric_threshold_50": 0.5013477716862874,
      "scr_dir2_threshold_50": 0.5013477716862874,
      "scr_dir1_threshold_100": -0.5543477697498679,
      "scr_metric_threshold_100": 0.6522911315369899,
      "scr_dir2_threshold_100": 0.6522911315369899,
      "scr_dir1_threshold_500": -0.8152171941245374,
      "scr_metric_threshold_500": 0.5283019201368561,
      "scr_dir2_threshold_500": 0.5283019201368561
    },
    {
      "dataset_name": "canrager/amazon_reviews_mcauley_1and5_scr_Books_CDs_and_Vinyl_results",
      "scr_dir1_threshold_2": 0.041884904982074915,
      "scr_metric_threshold_2": 0.3780486800239194,
      "scr_dir2_threshold_2": 0.3780486800239194,
      "scr_dir1_threshold_5": 0.5602094338868973,
      "scr_metric_threshold_5": 0.46747961570034474,
      "scr_dir2_threshold_5": 0.46747961570034474,
      "scr_dir1_threshold_10": 0.6178012562538072,
      "scr_metric_threshold_10": 0.5528455639131264,