{
  "eval_type_id": "scr",
  "eval_config": {
    "random_seed": 42,
    "dataset_names": [
      "LabHC/bias_in_bios_class_set1",
      "canrager/amazon_reviews_mcauley_1and5"
    ],
    "perform_scr": true,
    "early_stopping_patience": 20,
    "train_set_size": 4000,
    "test_set_size": 1000,
    "context_length": 128,
    "probe_train_batch_size": 16,
    "probe_test_batch_size": 500,
    "probe_epochs": 20,
    "probe_lr": 0.001,
    "probe_l1_penalty": 0.001,
    "sae_batch_size": 125,
    "llm_batch_size": 8,
    "llm_dtype": "bfloat16",
    "lower_vram_usage": false,
    "model_name": "Qwen/Qwen3-8B",
    "n_values": [
      2,
      5,
      10,
      20,
      50,
      100,
      500
    ],
    "column1_vals_lookup": {
      "LabHC/bias_in_bios_class_set1": [
        [
          "professor",
          "nurse"
        ],
        [
          "architect",
          "journalist"
        ],
        [
          "surgeon",
          "psychologist"
        ],
        [
          "attorney",
          "teacher"
        ]
      ],
      "canrager/amazon_reviews_mcauley_1and5": [
        [
          "Books",
          "CDs_and_Vinyl"
        ],
        [
          "Software",
          "Electronics"
        ],
        [
          "Pet_Supplies",
          "Office_Products"
        ],
        [
          "Industrial_and_Scientific",
          "Toys_and_Games"
        ]
      ]
    }
  },
  "eval_id": "2bad7d87-53f4-4d1f-9f04-a3b5034abd77",
  "datetime_epoch_millis": 1776393430042,
  "eval_result_metrics": {
    "scr_metrics": {
      "scr_dir1_threshold_2": 0.2833757450531318,
      "scr_metric_threshold_2": 0.12545215506777874,
      "scr_dir2_threshold_2": 0.12545215506777874,
      "scr_dir1_threshold_5": 0.37403910970495685,
      "scr_metric_threshold_5": 0.208128404217452,
      "scr_dir2_threshold_5": 0.208128404217452,
      "scr_dir1_threshold_10": 0.27287478379554203,
      "scr_metric_threshold_10": 0.27348099559668176,
      "scr_dir2_threshold_10": 0.27348099559668176,
      "scr_dir1_threshold_20": 0.045376367418625684,
      "scr_metric_threshold_20": 0.35411253004312415,
      "scr_dir2_threshold_20": 0.35411253004312415,
      "scr_dir1_threshold_50": -0.0029420245086998476,
      "scr_metric_threshold_50": 0.29462622082595,
      "scr_dir2_threshold_50": 0.29462622082595,
      "scr_dir1_threshold_100": -0.3086959211155436,
      "scr_metric_threshold_100": 0.45495045678767504,
      "scr_dir2_threshold_100": 0.45495045678767504,
      "scr_dir1_threshold_500": -0.6660051772709309,
      "scr_metric_threshold_500": 0.28131462616546193,
      "scr_dir2_threshold_500": 0.28131462616546193
    }
  },
  "eval_result_details": [
    {
      "dataset_name": "LabHC/bias_in_bios_class_set1_scr_professor_nurse_results",
      "scr_dir1_threshold_2": 0.6315793876614162,
      "scr_metric_threshold_2": 0.051851916171445314,
      "scr_dir2_threshold_2": 0.051851916171445314,
      "scr_dir1_threshold_5": 0.6315793876614162,
      "scr_metric_threshold_5": 0.10370368517093949,
      "scr_dir2_threshold_5": 0.10370368517093949,
      "scr_dir1_threshold_10": 0.5438601444524266,
      "scr_metric_threshold_10": 0.13580247640355314,
      "scr_dir2_threshold_10": 0.13580247640355314,
      "scr_dir1_threshold_20": -0.6666666666666666,
      "scr_metric_threshold_20": 0.2098766213381963,
      "scr_dir2_threshold_20": 0.2098766213381963,
      "scr_dir1_threshold_50": -1.350878018531822,
      "scr_metric_threshold_50": 0.3111112026847696,
      "scr_dir2_threshold_50": 0.3111112026847696,
      "scr_dir1_threshold_100": -1.9649127209947495,
      "scr_metric_threshold_100": 0.3555555130392141,
      "scr_dir2_threshold_100": 0.3555555130392141,
      "scr_dir1_threshold_500": -1.421052576542323,
      "scr_metric_threshold_500": 0.18518528875063228,
      "scr_dir2_threshold_500": 0.18518528875063228
    },
    {
      "dataset_name": "LabHC/bias_in_bios_class_set1_scr_architect_journalist_results",
      "scr_dir1_threshold_2": 0.4915252781845431,
      "scr_metric_threshold_2": 0.20183480218368072,
      "scr_dir2_threshold_2": 0.20183480218368072,
      "scr_dir1_threshold_5": 0.5932204245973276,
      "scr_metric_threshold_5": 0.2782873235328965,
      "scr_dir2_threshold_5": 0.2782873235328965,
      "scr_dir1_threshold_10": 0.5847459553439871,
      "scr_metric_threshold_10": 0.37920490690192576,
      "scr_dir2_threshold_10": 0.37920490690192576,
      "scr_dir1_threshold_20": 0.4999997474378836,
      "scr_metric_threshold_20": 0.36391440263208263,
      "scr_dir2_threshold_20": 0.36391440263208263,
      "scr_dir1_threshold_50": 0.7627118301610689,
      "scr_metric_threshold_50": 0.5015289410606709,
      "scr_dir2_threshold_50": 0.5015289410606709,
      "scr_dir1_threshold_100": 0.7372879172768146,
      "scr_metric_threshold_100": 0.5229357564047648,
      "scr_dir2_threshold_100": 0.5229357564047648,
      "scr_dir1_threshold_500": 0.2033897877013362,
      "scr_metric_threshold_500": 0.02140663306690484,
      "scr_dir2_threshold_500": 0.02140663306690484
    },
    {
      "dataset_name": "LabHC/bias_in_bios_class_set1_scr_surgeon_psychologist_results",
      "scr_dir1_threshold_2": 0.578124912688523,
      "scr_metric_threshold_2": 0.07888045189116587,
      "scr_dir2_threshold_2": 0.07888045189116587,
      "scr_dir1_threshold_5": 0.6093745052349633,
      "scr_metric_threshold_5": 0.12468199481727764,
      "scr_dir2_threshold_5": 0.12468199481727764,
      "scr_dir1_threshold_10": 0.06250011641530274,
      "scr_metric_threshold_10": 0.2086514396265625,
      "scr_dir2_threshold_10": 0.2086514396265625,
      "scr_dir1_threshold_20": -0.17187555297268803,
      "scr_metric_threshold_20": 0.2646311200546725,
      "scr_dir2_threshold_20": 0.2646311200546725,
      "scr_dir1_threshold_50": 0.17187462165026607,
      "scr_metric_threshold_50": 0.361323198825015,
      "scr_dir2_threshold_50": 0.361323198825015,
      "scr_dir1_threshold_100": -1.6093754365573854,
      "scr_metric_threshold_100": 0.3129771594398437,
      "scr_dir2_threshold_100": 0.3129771594398437,
      "scr_dir1_threshold_500": -1.750000465661211,
      "scr_metric_threshold_500": -0.07888045189116587,
      "scr_dir2_threshold_500": -0.07888045189116587
    },
    {
      "dataset_name": "LabHC/bias_in_bios_class_set1_scr_attorney_teacher_results",
      "scr_dir1_threshold_2": 0.3461539872299336,
      "scr_metric_threshold_2": 0.1474926404097986,
      "scr_dir2_threshold_2": 0.1474926404097986,
      "scr_dir1_threshold_5": 0.4846155821219071,
      "scr_metric_threshold_5": 0.2654867879026148,
      "scr_dir2_threshold_5": 0.2654867879026148,
      "scr_dir1_threshold_10": 0.5153844178780929,
      "scr_metric_threshold_10": 0.2713864161560565,
      "scr_dir2_threshold_10": 0.2713864161560565,
      "scr_dir1_threshold_20": 0.23846168659143033,
      "scr_metric_threshold_20": 0.4660767858929364,
      "scr_dir2_threshold_20": 0.4660767858929364,
      "scr_dir1_threshold_50": 0.046153712131563045,
      "scr_metric_threshold_50": 0.49852509293663955,
      "scr_dir2_threshold_50": 0.49852509293663955,
      "scr_dir1_threshold_100": 0.6230767185165962,
      "scr_metric_threshold_100": 0.6342183010146678,
      "scr_dir2_threshold_100": 0.6342183010146678,
      "scr_dir1_threshold_500": 0.06923079744598673,
      "scr_metric_threshold_500": -0.035398121170424075,
      "scr_dir2_threshold_500": -0.035398121170424075
    },
    {
      "dataset_name": "canrager/amazon_reviews_mcauley_1and5_scr_Books_CDs_and_Vinyl_results",
      "scr_dir1_threshold_2": 0.013889118844994868,
      "scr_metric_threshold_2": 0.18442628457160753,
      "scr_dir2_threshold_2": 0.18442628457160753,
      "scr_dir1_threshold_5": 0.2361112950759959,
      "scr_metric_threshold_5": 0.3073769780984703,
      "scr_dir2_threshold_5": 0.3073769780984703,
      "scr_dir1_threshold_10": 0.20138911884499486,
      "scr_metric_threshold_10": 0.36065570967263616,