{
  "eval_type_id": "scr",
  "eval_config": {
    "random_seed": 42,
    "dataset_names": [
      "LabHC/bias_in_bios_class_set1",
      "canrager/amazon_reviews_mcauley_1and5"
    ],
    "perform_scr": true,
    "early_stopping_patience": 20,
    "train_set_size": 4000,
    "test_set_size": 1000,
    "context_length": 128,
    "probe_train_batch_size": 16,
    "probe_test_batch_size": 500,
    "probe_epochs": 20,
    "probe_lr": 0.001,
    "probe_l1_penalty": 0.001,
    "sae_batch_size": 125,
    "llm_batch_size": 8,
    "llm_dtype": "bfloat16",
    "lower_vram_usage": false,
    "model_name": "Qwen/Qwen3-8B",
    "n_values": [
      2,
      5,
      10,
      20,
      50,
      100,
      500
    ],
    "column1_vals_lookup": {
      "LabHC/bias_in_bios_class_set1": [
        [
          "professor",
          "nurse"
        ],
        [
          "architect",
          "journalist"
        ],
        [
          "surgeon",
          "psychologist"
        ],
        [
          "attorney",
          "teacher"
        ]
      ],
      "canrager/amazon_reviews_mcauley_1and5": [
        [
          "Books",
          "CDs_and_Vinyl"
        ],
        [
          "Software",
          "Electronics"
        ],
        [
          "Pet_Supplies",
          "Office_Products"
        ],
        [
          "Industrial_and_Scientific",
          "Toys_and_Games"
        ]
      ]
    }
  },
  "eval_id": "03e3bde4-2182-4bfa-a048-440076d5cbb8",
  "datetime_epoch_millis": 1776403815634,
  "eval_result_metrics": {
    "scr_metrics": {
      "scr_dir1_threshold_2": 0.005314901586784483,
      "scr_metric_threshold_2": 0.14435881365166256,
      "scr_dir2_threshold_2": 0.14435881365166256,
      "scr_dir1_threshold_5": -1.1182915069785924,
      "scr_metric_threshold_5": 0.2473872879178831,
      "scr_dir2_threshold_5": 0.2473872879178831,
      "scr_dir1_threshold_10": -0.615826794281186,
      "scr_metric_threshold_10": 0.22456478878775324,
      "scr_dir2_threshold_10": 0.22456478878775324,
      "scr_dir1_threshold_20": -0.3379930064623957,
      "scr_metric_threshold_20": 0.15847705636294906,
      "scr_dir2_threshold_20": 0.15847705636294906,
      "scr_dir1_threshold_50": -0.2421781638143115,
      "scr_metric_threshold_50": 0.11864295536439678,
      "scr_dir2_threshold_50": 0.11864295536439678,
      "scr_dir1_threshold_100": -0.572532274462263,
      "scr_metric_threshold_100": 0.16320496163091996,
      "scr_dir2_threshold_100": 0.16320496163091996,
      "scr_dir1_threshold_500": -0.2299192854538627,
      "scr_metric_threshold_500": 0.22510690249244053,
      "scr_dir2_threshold_500": 0.22510690249244053
    }
  },
  "eval_result_details": [
    {
      "dataset_name": "LabHC/bias_in_bios_class_set1_scr_professor_nurse_results",
      "scr_dir1_threshold_2": 0.4444442341988618,
      "scr_metric_threshold_2": 0.08663371887501851,
      "scr_dir2_threshold_2": 0.08663371887501851,
      "scr_dir1_threshold_5": -2.666665405193171,
      "scr_metric_threshold_5": 0.12623760769407358,
      "scr_dir2_threshold_5": 0.12623760769407358,
      "scr_dir1_threshold_10": 0.5396829601737049,
      "scr_metric_threshold_10": 0.3118811223848465,
      "scr_dir2_threshold_10": 0.3118811223848465,
      "scr_dir1_threshold_20": 0.19047650584456438,
      "scr_metric_threshold_20": 0.24009899091117787,
      "scr_dir2_threshold_20": 0.24009899091117787,
      "scr_dir1_threshold_50": -2.0952368337645995,
      "scr_metric_threshold_50": 0.2995048979078772,
      "scr_dir2_threshold_50": 0.2995048979078772,
      "scr_dir1_threshold_100": -2.8730147166651685,
      "scr_metric_threshold_100": 0.3118811223848465,
      "scr_dir2_threshold_100": 0.3118811223848465,
      "scr_dir1_threshold_500": -0.7301585199131475,
      "scr_metric_threshold_500": 0.19059409300330069,
      "scr_dir2_threshold_500": 0.19059409300330069
    },
    {
      "dataset_name": "LabHC/bias_in_bios_class_set1_scr_architect_journalist_results",
      "scr_dir1_threshold_2": 0.05228768864091279,
      "scr_metric_threshold_2": 0.22950816788810585,
      "scr_dir2_threshold_2": 0.22950816788810585,
      "scr_dir1_threshold_5": -0.28104564469242055,
      "scr_metric_threshold_5": 0.33770486164785146,
      "scr_dir2_threshold_5": 0.33770486164785146,
      "scr_dir1_threshold_10": -0.24183007299816045,
      "scr_metric_threshold_10": 0.41639334843447917,
      "scr_dir2_threshold_10": 0.41639334843447917,
      "scr_dir1_threshold_20": 0.7124184916206776,
      "scr_metric_threshold_20": -0.3245902767042971,
      "scr_dir2_threshold_20": -0.3245902767042971,
      "scr_dir1_threshold_50": 0.2745097810055187,
      "scr_metric_threshold_50": 0.17049175394187002,
      "scr_dir2_threshold_50": 0.17049175394187002,
      "scr_dir1_threshold_100": 0.2679739173186168,
      "scr_metric_threshold_100": 0.6819672111925404,
      "scr_dir2_threshold_100": 0.6819672111925404,
      "scr_dir1_threshold_500": 0.04575143538116197,
      "scr_metric_threshold_500": 0.4688524699089378,
      "scr_dir2_threshold_500": 0.4688524699089378
    },
    {
      "dataset_name": "LabHC/bias_in_bios_class_set1_scr_surgeon_psychologist_results",
      "scr_dir1_threshold_2": 0.33823522966627545,
      "scr_metric_threshold_2": 0.05555543848695727,
      "scr_dir2_threshold_2": 0.05555543848695727,
      "scr_dir1_threshold_5": -3.1470577665269173,
      "scr_metric_threshold_5": 0.15656558662857187,
      "scr_dir2_threshold_5": 0.15656558662857187,
      "scr_dir1_threshold_10": -3.5735288832634584,
      "scr_metric_threshold_10": 0.3080807335826092,
      "scr_dir2_threshold_10": 0.3080807335826092,
      "scr_dir1_threshold_20": -2.1176463885292645,
      "scr_metric_threshold_20": 0.4217171314273295,
      "scr_dir2_threshold_20": 0.4217171314273295,
      "scr_dir1_threshold_50": 0.029412254536306668,
      "scr_metric_threshold_50": 0.31060595341987646,
      "scr_dir2_threshold_50": 0.31060595341987646,
      "scr_dir1_threshold_100": -0.19117658660070422,
      "scr_metric_threshold_100": 0.21464639546956565,
      "scr_dir2_threshold_100": 0.21464639546956565,
      "scr_dir1_threshold_500": -0.8382347913969485,
      "scr_metric_threshold_500": 0.7146463954695657,
      "scr_dir2_threshold_500": 0.7146463954695657
    },
    {
      "dataset_name": "LabHC/bias_in_bios_class_set1_scr_attorney_teacher_results",
      "scr_dir1_threshold_2": 0.06508896608884265,
      "scr_metric_threshold_2": 0.07931034553632153,
      "scr_dir2_threshold_2": 0.07931034553632153,
      "scr_dir1_threshold_5": -1.7337274057876453,
      "scr_metric_threshold_5": 0.1689655902411172,
      "scr_dir2_threshold_5": 0.1689655902411172,
      "scr_dir1_threshold_10": -0.8224850547551449,
      "scr_metric_threshold_10": -0.7068964418701634,
      "scr_dir2_threshold_10": -0.7068964418701634,
      "scr_dir1_threshold_20": -0.4201181511982648,
      "scr_metric_threshold_20": -0.6000000411066485,
      "scr_dir2_threshold_20": -0.6000000411066485,
      "scr_dir1_threshold_50": -0.6390530269631615,
      "scr_metric_threshold_50": -0.5896551419381744,
      "scr_dir2_threshold_50": -0.5896551419381744,
      "scr_dir1_threshold_100": -1.6804729574832031,
      "scr_metric_threshold_100": -0.5827586795146867,
      "scr_dir2_threshold_100": -0.5827586795146867,
      "scr_dir1_threshold_500": -0.2721893240693389,
      "scr_metric_threshold_500": 0.4862069723864033,
      "scr_dir2_threshold_500": 0.4862069723864033
    },
    {
      "dataset_name": "canrager/amazon_reviews_mcauley_1and5_scr_Books_CDs_and_Vinyl_results",
      "scr_dir1_threshold_2": 0.03954785327288456,
      "scr_metric_threshold_2": 0.4014869254217361,
      "scr_dir2_threshold_2": 0.4014869254217361,
      "scr_dir1_threshold_5": 0.056497125675224705,
      "scr_metric_threshold_5": 0.46840144992179383,
      "scr_dir2_threshold_5": 0.46840144992179383,
      "scr_dir1_threshold_10": 0.14689245940569787,