{
  "eval_type_id": "scr",
  "eval_config": {
    "random_seed": 42,
    "dataset_names": [
      "LabHC/bias_in_bios_class_set1",
      "canrager/amazon_reviews_mcauley_1and5"
    ],
    "perform_scr": true,
    "early_stopping_patience": 20,
    "train_set_size": 4000,
    "test_set_size": 1000,
    "context_length": 128,
    "probe_train_batch_size": 16,
    "probe_test_batch_size": 500,
    "probe_epochs": 20,
    "probe_lr": 0.001,
    "probe_l1_penalty": 0.001,
    "sae_batch_size": 125,
    "llm_batch_size": 8,
    "llm_dtype": "bfloat16",
    "lower_vram_usage": false,
    "model_name": "Qwen/Qwen3-8B",
    "n_values": [
      2,
      5,
      10,
      20,
      50,
      100,
      500
    ],
    "column1_vals_lookup": {
      "LabHC/bias_in_bios_class_set1": [
        [
          "professor",
          "nurse"
        ],
        [
          "architect",
          "journalist"
        ],
        [
          "surgeon",
          "psychologist"
        ],
        [
          "attorney",
          "teacher"
        ]
      ],
      "canrager/amazon_reviews_mcauley_1and5": [
        [
          "Books",
          "CDs_and_Vinyl"
        ],
        [
          "Software",
          "Electronics"
        ],
        [
          "Pet_Supplies",
          "Office_Products"
        ],
        [
          "Industrial_and_Scientific",
          "Toys_and_Games"
        ]
      ]
    }
  },
  "eval_id": "12df0422-d60b-4ef4-8662-716ffaac1041",
  "datetime_epoch_millis": 1776394578681,
  "eval_result_metrics": {
    "scr_metrics": {
      "scr_dir1_threshold_2": 0.2724173529410761,
      "scr_metric_threshold_2": 0.08219249367918981,
      "scr_dir2_threshold_2": 0.08219249367918981,
      "scr_dir1_threshold_5": 0.32041801240475665,
      "scr_metric_threshold_5": 0.1668597068689825,
      "scr_dir2_threshold_5": 0.1668597068689825,
      "scr_dir1_threshold_10": 0.31718949455147205,
      "scr_metric_threshold_10": 0.26152510483150476,
      "scr_dir2_threshold_10": 0.26152510483150476,
      "scr_dir1_threshold_20": 0.22605556844869837,
      "scr_metric_threshold_20": 0.334329783154733,
      "scr_dir2_threshold_20": 0.334329783154733,
      "scr_dir1_threshold_50": 0.09187987622961473,
      "scr_metric_threshold_50": 0.4422770394408876,
      "scr_dir2_threshold_50": 0.4422770394408876,
      "scr_dir1_threshold_100": -0.028708886529290198,
      "scr_metric_threshold_100": 0.517151063897481,
      "scr_dir2_threshold_100": 0.517151063897481,
      "scr_dir1_threshold_500": -0.24336072265463216,
      "scr_metric_threshold_500": 0.31569002668570173,
      "scr_dir2_threshold_500": 0.31569002668570173
    }
  },
  "eval_result_details": [
    {
      "dataset_name": "LabHC/bias_in_bios_class_set1_scr_professor_nurse_results",
      "scr_dir1_threshold_2": 0.5614037839550519,
      "scr_metric_threshold_2": 0.061728478640861145,
      "scr_dir2_threshold_2": 0.061728478640861145,
      "scr_dir1_threshold_5": 0.5964910629603023,
      "scr_metric_threshold_5": 0.08641981122842514,
      "scr_dir2_threshold_5": 0.08641981122842514,
      "scr_dir1_threshold_10": 0.49122818024868736,
      "scr_metric_threshold_10": 0.2172839328112948,
      "scr_dir2_threshold_10": 0.2172839328112948,
      "scr_dir1_threshold_20": 0.49122818024868736,
      "scr_metric_threshold_20": 0.2716049528071063,
      "scr_dir2_threshold_20": 0.2716049528071063,
      "scr_dir1_threshold_50": -0.0526319642037392,
      "scr_metric_threshold_50": 0.33333343144796745,
      "scr_dir2_threshold_50": 0.33333343144796745,
      "scr_dir1_threshold_100": 0.3684216580344473,
      "scr_metric_threshold_100": 0.3827160966230954,
      "scr_dir2_threshold_100": 0.3827160966230954,
      "scr_dir1_threshold_500": -0.10526288271161485,
      "scr_metric_threshold_500": 0.18271603775431497,
      "scr_dir2_threshold_500": 0.18271603775431497
    },
    {
      "dataset_name": "LabHC/bias_in_bios_class_set1_scr_architect_journalist_results",
      "scr_dir1_threshold_2": 0.4915252781845431,
      "scr_metric_threshold_2": 0.17431185804252528,
      "scr_dir2_threshold_2": 0.17431185804252528,
      "scr_dir1_threshold_5": 0.5847459553439871,
      "scr_metric_threshold_5": 0.2721711947358348,
      "scr_dir2_threshold_5": 0.2721711947358348,
      "scr_dir1_threshold_10": 0.5762709809664138,
      "scr_metric_threshold_10": 0.3455656516865197,
      "scr_dir2_threshold_10": 0.3455656516865197,
      "scr_dir1_threshold_20": 0.6779661273791983,
      "scr_metric_threshold_20": 0.37920490690192576,
      "scr_dir2_threshold_20": 0.37920490690192576,
      "scr_dir1_threshold_50": 0.37288119326507757,
      "scr_metric_threshold_50": 0.4525993638526107,
      "scr_dir2_threshold_50": 0.4525993638526107,
      "scr_dir1_threshold_100": -0.16949191068797415,
      "scr_metric_threshold_100": 0.6360855973679174,
      "scr_dir2_threshold_100": 0.6360855973679174,
      "scr_dir1_threshold_500": -0.4406784626645,
      "scr_metric_threshold_500": 0.018348568668373998,
      "scr_dir2_threshold_500": 0.018348568668373998
    },
    {
      "dataset_name": "LabHC/bias_in_bios_class_set1_scr_surgeon_psychologist_results",
      "scr_dir1_threshold_2": 0.5468743888196606,
      "scr_metric_threshold_2": 0.061068673346228966,
      "scr_dir2_threshold_2": 0.061068673346228966,
      "scr_dir1_threshold_5": 0.5937497089617432,
      "scr_metric_threshold_5": 0.09160308585222356,
      "scr_dir2_threshold_5": 0.09160308585222356,
      "scr_dir1_threshold_10": 0.7031242141967065,
      "scr_metric_threshold_10": 0.1653943931595102,
      "scr_dir2_threshold_10": 0.1653943931595102,
      "scr_dir1_threshold_20": 0.4218741559890551,
      "scr_metric_threshold_20": 0.2239185700466797,
      "scr_dir2_threshold_20": 0.2239185700466797,
      "scr_dir1_threshold_50": 0.3749997671693945,
      "scr_metric_threshold_50": 0.3944021077900691,
      "scr_dir2_threshold_50": 0.3944021077900691,
      "scr_dir1_threshold_100": 0.28125005820765137,
      "scr_metric_threshold_100": 0.5038168205214694,
      "scr_dir2_threshold_100": 0.5038168205214694,
      "scr_dir1_threshold_500": -0.03125052386886235,
      "scr_metric_threshold_500": 0.08396944480928485,
      "scr_dir2_threshold_500": 0.08396944480928485
    },
    {
      "dataset_name": "LabHC/bias_in_bios_class_set1_scr_attorney_teacher_results",
      "scr_dir1_threshold_2": 0.36153840510802654,
      "scr_metric_threshold_2": 0.06194697578557241,
      "scr_dir2_threshold_2": 0.06194697578557241,
      "scr_dir1_threshold_5": 0.5,
      "scr_metric_threshold_5": 0.20353981211704242,
      "scr_dir2_threshold_5": 0.20353981211704242,
      "scr_dir1_threshold_10": 0.4153847846759204,
      "scr_metric_threshold_10": 0.3362832060683498,
      "scr_dir2_threshold_10": 0.3362832060683498,
      "scr_dir1_threshold_20": 0.5,
      "scr_metric_threshold_20": 0.4247788606441837,
      "scr_dir2_threshold_20": 0.4247788606441837,
      "scr_dir1_threshold_50": 0.36153840510802654,
      "scr_metric_threshold_50": 0.5044248970149682,
      "scr_dir2_threshold_50": 0.5044248970149682,
      "scr_dir1_threshold_100": 0.21538460127700665,
      "scr_metric_threshold_100": 0.5368732040586713,
      "scr_dir2_threshold_100": 0.5368732040586713,
      "scr_dir1_threshold_500": -0.06153858850694027,
      "scr_metric_threshold_500": 0.11209451923937451,
      "scr_dir2_threshold_500": 0.11209451923937451
    },
    {
      "dataset_name": "canrager/amazon_reviews_mcauley_1and5_scr_Books_CDs_and_Vinyl_results",
      "scr_dir1_threshold_2": 0.006944766382992814,
      "scr_metric_threshold_2": 0.07377051382864301,
      "scr_dir2_threshold_2": 0.07377051382864301,
      "scr_dir1_threshold_5": -0.055555233617007184,
      "scr_metric_threshold_5": 0.2540984908056178,
      "scr_dir2_threshold_5": 0.2540984908056178,
      "scr_dir1_threshold_10": -0.11805523361700719,
      "scr_metric_threshold_10": 0.3114755299744164,