{
  "eval_type_id": "scr",
  "eval_config": {
    "random_seed": 42,
    "dataset_names": [
      "LabHC/bias_in_bios_class_set1",
      "canrager/amazon_reviews_mcauley_1and5"
    ],
    "perform_scr": true,
    "early_stopping_patience": 20,
    "train_set_size": 4000,
    "test_set_size": 1000,
    "context_length": 128,
    "probe_train_batch_size": 16,
    "probe_test_batch_size": 500,
    "probe_epochs": 20,
    "probe_lr": 0.001,
    "probe_l1_penalty": 0.001,
    "sae_batch_size": 125,
    "llm_batch_size": 8,
    "llm_dtype": "bfloat16",
    "lower_vram_usage": false,
    "model_name": "Qwen/Qwen3-8B",
    "n_values": [
      2,
      5,
      10,
      20,
      50,
      100,
      500
    ],
    "column1_vals_lookup": {
      "LabHC/bias_in_bios_class_set1": [
        [
          "professor",
          "nurse"
        ],
        [
          "architect",
          "journalist"
        ],
        [
          "surgeon",
          "psychologist"
        ],
        [
          "attorney",
          "teacher"
        ]
      ],
      "canrager/amazon_reviews_mcauley_1and5": [
        [
          "Books",
          "CDs_and_Vinyl"
        ],
        [
          "Software",
          "Electronics"
        ],
        [
          "Pet_Supplies",
          "Office_Products"
        ],
        [
          "Industrial_and_Scientific",
          "Toys_and_Games"
        ]
      ]
    }
  },
  "eval_id": "7065420c-2d40-4978-98cd-cc49c57266e2",
  "datetime_epoch_millis": 1776397854627,
  "eval_result_metrics": {
    "scr_metrics": {
      "scr_dir1_threshold_2": 0.15123730460820764,
      "scr_metric_threshold_2": 0.18041375977495958,
      "scr_dir2_threshold_2": 0.18771140359066477,
      "scr_dir1_threshold_5": 0.06398531835824298,
      "scr_metric_threshold_5": 0.28079284455285636,
      "scr_dir2_threshold_5": 0.2893499759762823,
      "scr_dir1_threshold_10": -0.05918359010770203,
      "scr_metric_threshold_10": 0.35654097619220465,
      "scr_dir2_threshold_10": 0.3566800066782386,
      "scr_dir1_threshold_20": -0.009125219210294355,
      "scr_metric_threshold_20": 0.4168395232042984,
      "scr_dir2_threshold_20": 0.4344033206265135,
      "scr_dir1_threshold_50": -0.3477872856977954,
      "scr_metric_threshold_50": 0.12188738511821842,
      "scr_dir2_threshold_50": 0.2587832685451015,
      "scr_dir1_threshold_100": -0.05999824376754803,
      "scr_metric_threshold_100": 0.2662045483914682,
      "scr_dir2_threshold_100": 0.31796348312611833,
      "scr_dir1_threshold_500": -0.5847722073117941,
      "scr_metric_threshold_500": 0.19632093436175735,
      "scr_dir2_threshold_500": 0.14585247320480937
    }
  },
  "eval_result_details": [
    {
      "dataset_name": "LabHC/bias_in_bios_class_set1_scr_professor_nurse_results",
      "scr_dir1_threshold_2": 0.27272665697638976,
      "scr_metric_threshold_2": 0.023309999991663687,
      "scr_dir2_threshold_2": 0.023309999991663687,
      "scr_dir1_threshold_5": 0.227272665697639,
      "scr_metric_threshold_5": 0.17715625002605098,
      "scr_dir2_threshold_5": 0.17715625002605098,
      "scr_dir1_threshold_10": -0.3181820029070831,
      "scr_metric_threshold_10": 0.2937062499843694,
      "scr_dir2_threshold_10": 0.2937062499843694,
      "scr_dir1_threshold_20": -0.5000006773259712,
      "scr_metric_threshold_20": 0.3333333333333333,
      "scr_dir2_threshold_20": 0.3333333333333333,
      "scr_dir1_threshold_50": -3.97727571366451,
      "scr_metric_threshold_50": 0.3006993055572923,
      "scr_dir2_threshold_50": 0.3006993055572923,
      "scr_dir1_threshold_100": -0.27272801162833227,
      "scr_metric_threshold_100": 0.3589743055364515,
      "scr_dir2_threshold_100": 0.3589743055364515,
      "scr_dir1_threshold_500": -0.7727286889543036,
      "scr_metric_threshold_500": 0.251748194423951,
      "scr_dir2_threshold_500": 0.251748194423951
    },
    {
      "dataset_name": "LabHC/bias_in_bios_class_set1_scr_architect_journalist_results",
      "scr_dir1_threshold_2": -0.0804600929832326,
      "scr_metric_threshold_2": 0.12771735609366738,
      "scr_dir2_threshold_2": 0.12771735609366738,
      "scr_dir1_threshold_5": -0.17241360410737605,
      "scr_metric_threshold_5": 0.13586958634379956,
      "scr_dir2_threshold_5": 0.13586958634379956,
      "scr_dir1_threshold_10": 0.413793197946312,
      "scr_metric_threshold_10": 0.23641305756253303,
      "scr_dir2_threshold_10": 0.23641305756253303,
      "scr_dir1_threshold_20": -0.1954024957214833,
      "scr_metric_threshold_20": 0.375,
      "scr_dir2_threshold_20": 0.375,
      "scr_dir1_threshold_50": 0.3333331049630794,
      "scr_metric_threshold_50": 0.47282611512506606,
      "scr_dir2_threshold_50": 0.47282611512506606,
      "scr_dir1_threshold_100": 0.37931020308053204,
      "scr_metric_threshold_100": 0.3967391726875991,
      "scr_dir2_threshold_100": 0.3967391726875991,
      "scr_dir1_threshold_500": -0.17241360410737605,
      "scr_metric_threshold_500": 0.03804347121873348,
      "scr_dir2_threshold_500": 0.03804347121873348
    },
    {
      "dataset_name": "LabHC/bias_in_bios_class_set1_scr_surgeon_psychologist_results",
      "scr_dir1_threshold_2": 0.32000057220445344,
      "scr_metric_threshold_2": 0.059999967217448304,
      "scr_dir2_threshold_2": 0.059999967217448304,
      "scr_dir1_threshold_5": 0.3400003099440789,
      "scr_metric_threshold_5": 0.06999998658895612,
      "scr_dir2_threshold_5": 0.06999998658895612,
      "scr_dir1_threshold_10": 0.4599999284744433,
      "scr_metric_threshold_10": 0.12749998621642714,
      "scr_dir2_threshold_10": 0.12749998621642714,
      "scr_dir1_threshold_20": -0.8599994516373988,
      "scr_metric_threshold_20": 0.13750000558793496,
      "scr_dir2_threshold_20": 0.13750000558793496,
      "scr_dir1_threshold_50": 0.08000014305111336,
      "scr_metric_threshold_50": 0.21249992735684567,
      "scr_dir2_threshold_50": 0.21249992735684567,
      "scr_dir1_threshold_100": -0.019999737739625517,
      "scr_metric_threshold_100": 0.25250000484287694,
      "scr_dir2_threshold_100": 0.25250000484287694,
      "scr_dir1_threshold_500": -1.6199990224840588,
      "scr_metric_threshold_500": 0.3249999590218104,
      "scr_dir2_threshold_500": 0.3249999590218104
    },
    {
      "dataset_name": "LabHC/bias_in_bios_class_set1_scr_attorney_teacher_results",
      "scr_dir1_threshold_2": 0.2391305756253304,
      "scr_metric_threshold_2": 0.18867936047277561,
      "scr_dir2_threshold_2": 0.18867936047277561,
      "scr_dir1_threshold_5": -0.5869566907503965,
      "scr_metric_threshold_5": 0.29919133698822753,
      "scr_dir2_threshold_5": 0.29919133698822753,
      "scr_dir1_threshold_10": -1.9130433092496035,
      "scr_metric_threshold_10": 0.37735856028615367,
      "scr_dir2_threshold_10": 0.37735856028615367,
      "scr_dir1_threshold_20": 0.4456522302501322,
      "scr_metric_threshold_20": 0.4905660801741805,
      "scr_dir2_threshold_20": 0.4905660801741805,
      "scr_dir1_threshold_50": 0.2608694243746696,
      "scr_metric_threshold_50": 0.3881402517982606,
      "scr_dir2_threshold_50": 0.3881402517982606,
      "scr_dir1_threshold_100": -0.3369566907503965,
      "scr_metric_threshold_100": 0.19676550861230765,
      "scr_dir2_threshold_100": 0.19676550861230765,
      "scr_dir1_threshold_500": -1.8586955394997358,
      "scr_metric_threshold_500": 0.560646994673177,
      "scr_dir2_threshold_500": 0.560646994673177
    },
    {
      "dataset_name": "canrager/amazon_reviews_mcauley_1and5_scr_Books_CDs_and_Vinyl_results",
      "scr_dir1_threshold_2": 0.047120440088277295,
      "scr_metric_threshold_2": 0.5203251796134712,
      "scr_dir2_threshold_2": 0.5203251796134712,
      "scr_dir1_threshold_5": 0.08376949789792189,
      "scr_metric_threshold_5": 0.6341462823670114,
      "scr_dir2_threshold_5": 0.6341462823670114,
      "scr_dir1_threshold_10": 0.10471195038895935,
      "scr_metric_threshold_10": 0.6788618713528507,