{
  "eval_type_id": "scr",
  "eval_config": {
    "random_seed": 42,
    "dataset_names": [
      "LabHC/bias_in_bios_class_set1",
      "canrager/amazon_reviews_mcauley_1and5"
    ],
    "perform_scr": true,
    "early_stopping_patience": 20,
    "train_set_size": 4000,
    "test_set_size": 1000,
    "context_length": 128,
    "probe_train_batch_size": 16,
    "probe_test_batch_size": 500,
    "probe_epochs": 20,
    "probe_lr": 0.001,
    "probe_l1_penalty": 0.001,
    "sae_batch_size": 125,
    "llm_batch_size": 8,
    "llm_dtype": "bfloat16",
    "lower_vram_usage": false,
    "model_name": "Qwen/Qwen3-8B",
    "n_values": [
      2,
      5,
      10,
      20,
      50,
      100,
      500
    ],
    "column1_vals_lookup": {
      "LabHC/bias_in_bios_class_set1": [
        [
          "professor",
          "nurse"
        ],
        [
          "architect",
          "journalist"
        ],
        [
          "surgeon",
          "psychologist"
        ],
        [
          "attorney",
          "teacher"
        ]
      ],
      "canrager/amazon_reviews_mcauley_1and5": [
        [
          "Books",
          "CDs_and_Vinyl"
        ],
        [
          "Software",
          "Electronics"
        ],
        [
          "Pet_Supplies",
          "Office_Products"
        ],
        [
          "Industrial_and_Scientific",
          "Toys_and_Games"
        ]
      ]
    }
  },
  "eval_id": "4cfeb554-26ab-44e6-9031-ef533ae1f5b8",
  "datetime_epoch_millis": 1776405979304,
  "eval_result_metrics": {
    "scr_metrics": {
      "scr_dir1_threshold_2": -0.21961998688436432,
      "scr_metric_threshold_2": 0.22077018806660761,
      "scr_dir2_threshold_2": 0.22077018806660761,
      "scr_dir1_threshold_5": -0.42465083990026514,
      "scr_metric_threshold_5": 0.276644451879113,
      "scr_dir2_threshold_5": 0.276644451879113,
      "scr_dir1_threshold_10": 0.13248764879527003,
      "scr_metric_threshold_10": 0.1978712730577005,
      "scr_dir2_threshold_10": 0.1978712730577005,
      "scr_dir1_threshold_20": 0.2731496148395233,
      "scr_metric_threshold_20": 0.32492534986107463,
      "scr_dir2_threshold_20": 0.32492534986107463,
      "scr_dir1_threshold_50": 0.053337756921778175,
      "scr_metric_threshold_50": 0.28196935655364136,
      "scr_dir2_threshold_50": 0.28196935655364136,
      "scr_dir1_threshold_100": -0.15087223008572526,
      "scr_metric_threshold_100": 0.3594520912803375,
      "scr_dir2_threshold_100": 0.3594520912803375,
      "scr_dir1_threshold_500": -0.3275197524374218,
      "scr_metric_threshold_500": 0.4387497485893212,
      "scr_dir2_threshold_500": 0.4387497485893212
    }
  },
  "eval_result_details": [
    {
      "dataset_name": "LabHC/bias_in_bios_class_set1_scr_professor_nurse_results",
      "scr_dir1_threshold_2": 0.42857142857142855,
      "scr_metric_threshold_2": 0.10643558951642934,
      "scr_dir2_threshold_2": 0.10643558951642934,
      "scr_dir1_threshold_5": 0.2380949227268642,
      "scr_metric_threshold_5": 0.11881196152963207,
      "scr_dir2_threshold_5": 0.11881196152963207,
      "scr_dir1_threshold_10": 0.5714285714285714,
      "scr_metric_threshold_10": 0.24257420629932505,
      "scr_dir2_threshold_10": 0.24257420629932505,
      "scr_dir1_threshold_20": 0.42857142857142855,
      "scr_metric_threshold_20": 0.2772276643420858,
      "scr_dir2_threshold_20": 0.2772276643420858,
      "scr_dir1_threshold_50": 0.20634931147199764,
      "scr_metric_threshold_50": 0.38118818600660137,
      "scr_dir2_threshold_50": 0.38118818600660137,
      "scr_dir1_threshold_100": -0.5238092084411499,
      "scr_metric_threshold_100": 0.48019798182235574,
      "scr_dir2_threshold_100": 0.48019798182235574,
      "scr_dir1_threshold_500": -0.8571428571428571,
      "scr_metric_threshold_500": 0.20297031748026997,
      "scr_dir2_threshold_500": 0.20297031748026997
    },
    {
      "dataset_name": "LabHC/bias_in_bios_class_set1_scr_architect_journalist_results",
      "scr_dir1_threshold_2": -1.2156862286777042,
      "scr_metric_threshold_2": 0.22950816788810585,
      "scr_dir2_threshold_2": 0.22950816788810585,
      "scr_dir1_threshold_5": -0.21568622867770404,
      "scr_metric_threshold_5": 0.304918008438845,
      "scr_dir2_threshold_5": 0.304918008438845,
      "scr_dir1_threshold_10": 0.6339869586593084,
      "scr_metric_threshold_10": 0.4295081288030938,
      "scr_dir2_threshold_10": 0.4295081288030938,
      "scr_dir1_threshold_20": 0.6666666666666666,
      "scr_metric_threshold_20": 0.6163933093494671,
      "scr_dir2_threshold_20": 0.6163933093494671,
      "scr_dir1_threshold_50": 0.4117648662947025,
      "scr_metric_threshold_50": 0.17049175394187002,
      "scr_dir2_threshold_50": 0.17049175394187002,
      "scr_dir1_threshold_100": 0.38562102197424614,
      "scr_metric_threshold_100": 0.8229507581612925,
      "scr_dir2_threshold_100": 0.8229507581612925,
      "scr_dir1_threshold_500": 0.18300652067034578,
      "scr_metric_threshold_500": 0.12459012036424887,
      "scr_dir2_threshold_500": 0.12459012036424887
    },
    {
      "dataset_name": "LabHC/bias_in_bios_class_set1_scr_surgeon_psychologist_results",
      "scr_dir1_threshold_2": 0.411764551199061,
      "scr_metric_threshold_2": 0.03282830943478244,
      "scr_dir2_threshold_2": 0.03282830943478244,
      "scr_dir1_threshold_5": -1.8529404803957747,
      "scr_metric_threshold_5": 0.11111102749068376,
      "scr_dir2_threshold_5": 0.11111102749068376,
      "scr_dir1_threshold_10": 0.38235317320140844,
      "scr_metric_threshold_10": 0.239898894875777,
      "scr_dir2_threshold_10": 0.239898894875777,
      "scr_dir1_threshold_20": 0.5882354488009389,
      "scr_metric_threshold_20": 0.33838382318012433,
      "scr_dir2_threshold_20": 0.33838382318012433,
      "scr_dir1_threshold_50": 0.3235295406674491,
      "scr_metric_threshold_50": 0.43434338113043514,
      "scr_dir2_threshold_50": 0.43434338113043514,
      "scr_dir1_threshold_100": -0.5588231942646322,
      "scr_metric_threshold_100": 0.11616161768198757,
      "scr_dir2_threshold_100": 0.11616161768198757,
      "scr_dir1_threshold_500": -1.1176463885292645,
      "scr_metric_threshold_500": 0.36616154242360294,
      "scr_dir2_threshold_500": 0.36616154242360294
    },
    {
      "dataset_name": "LabHC/bias_in_bios_class_set1_scr_attorney_teacher_results",
      "scr_dir1_threshold_2": 0.2899409244008676,
      "scr_metric_threshold_2": 0.12068973667697552,
      "scr_dir2_threshold_2": 0.12068973667697552,
      "scr_dir1_threshold_5": -1.627218509178761,
      "scr_metric_threshold_5": 0.3310345125255041,
      "scr_dir2_threshold_5": 0.3310345125255041,
      "scr_dir1_threshold_10": -0.13017757948754122,
      "scr_metric_threshold_10": -0.6448274579258038,
      "scr_dir2_threshold_10": -0.6448274579258038,
      "scr_dir1_threshold_20": 0.6153846967746487,
      "scr_metric_threshold_20": 0.05862075273261584,
      "scr_dir2_threshold_20": 0.05862075273261584,
      "scr_dir1_threshold_50": 0.5266270478071491,
      "scr_metric_threshold_50": -0.0862068079598092,
      "scr_dir2_threshold_50": -0.0862068079598092,
      "scr_dir1_threshold_100": 0.5266270478071491,
      "scr_metric_threshold_100": -0.15517245986089923,
      "scr_dir2_threshold_100": -0.15517245986089923,
      "scr_dir1_threshold_500": 0.1597633449133264,
      "scr_metric_threshold_500": 0.8034483545316894,
      "scr_dir2_threshold_500": 0.8034483545316894
    },
    {
      "dataset_name": "canrager/amazon_reviews_mcauley_1and5_scr_Books_CDs_and_Vinyl_results",
      "scr_dir1_threshold_2": -0.4632769693359335,
      "scr_metric_threshold_2": 0.4907064391408866,
      "scr_dir2_threshold_2": 0.4907064391408866,
      "scr_dir1_threshold_5": -0.5593222850334746,
      "scr_metric_threshold_5": 0.6282529124846473,
      "scr_dir2_threshold_5": 0.6282529124846473,
      "scr_dir1_threshold_10": -0.39548021647600473,
      "scr_metric_threshold_10": 0.4237919146408288,