{
  "eval_type_id": "scr",
  "eval_config": {
    "random_seed": 42,
    "dataset_names": [
      "LabHC/bias_in_bios_class_set1",
      "canrager/amazon_reviews_mcauley_1and5"
    ],
    "perform_scr": true,
    "early_stopping_patience": 20,
    "train_set_size": 4000,
    "test_set_size": 1000,
    "context_length": 128,
    "probe_train_batch_size": 16,
    "probe_test_batch_size": 500,
    "probe_epochs": 20,
    "probe_lr": 0.001,
    "probe_l1_penalty": 0.001,
    "sae_batch_size": 125,
    "llm_batch_size": 8,
    "llm_dtype": "bfloat16",
    "lower_vram_usage": false,
    "model_name": "Qwen/Qwen3-8B",
    "n_values": [
      2,
      5,
      10,
      20,
      50,
      100,
      500
    ],
    "column1_vals_lookup": {
      "LabHC/bias_in_bios_class_set1": [
        [
          "professor",
          "nurse"
        ],
        [
          "architect",
          "journalist"
        ],
        [
          "surgeon",
          "psychologist"
        ],
        [
          "attorney",
          "teacher"
        ]
      ],
      "canrager/amazon_reviews_mcauley_1and5": [
        [
          "Books",
          "CDs_and_Vinyl"
        ],
        [
          "Software",
          "Electronics"
        ],
        [
          "Pet_Supplies",
          "Office_Products"
        ],
        [
          "Industrial_and_Scientific",
          "Toys_and_Games"
        ]
      ]
    }
  },
  "eval_id": "cd9373b7-2fa0-413e-9b5c-cffc5399e6d9",
  "datetime_epoch_millis": 1776401664196,
  "eval_result_metrics": {
    "scr_metrics": {
      "scr_dir1_threshold_2": 0.11330311279556395,
      "scr_metric_threshold_2": 0.2575311771072243,
      "scr_dir2_threshold_2": 0.2575311771072243,
      "scr_dir1_threshold_5": 0.04475516154631375,
      "scr_metric_threshold_5": 0.360259376737306,
      "scr_dir2_threshold_5": 0.360259376737306,
      "scr_dir1_threshold_10": 0.0822488927660672,
      "scr_metric_threshold_10": 0.40128450360340745,
      "scr_dir2_threshold_10": 0.40128450360340745,
      "scr_dir1_threshold_20": -0.020106022134124983,
      "scr_metric_threshold_20": 0.48375918468727064,
      "scr_dir2_threshold_20": 0.48375918468727064,
      "scr_dir1_threshold_50": -0.02989237102053814,
      "scr_metric_threshold_50": 0.5674841754400802,
      "scr_dir2_threshold_50": 0.5674841754400802,
      "scr_dir1_threshold_100": -0.01865608497013192,
      "scr_metric_threshold_100": 0.3354936076139928,
      "scr_dir2_threshold_100": 0.3354936076139928,
      "scr_dir1_threshold_500": -0.5363024607412681,
      "scr_metric_threshold_500": 0.29212619923703464,
      "scr_dir2_threshold_500": 0.29212619923703464
    }
  },
  "eval_result_details": [
    {
      "dataset_name": "LabHC/bias_in_bios_class_set1_scr_professor_nurse_results",
      "scr_dir1_threshold_2": 0.5555557658011382,
      "scr_metric_threshold_2": 0.12623760769407358,
      "scr_dir2_threshold_2": 0.12623760769407358,
      "scr_dir1_threshold_5": 0.26984148008685244,
      "scr_metric_threshold_5": 0.22277233565791424,
      "scr_dir2_threshold_5": 0.22277233565791424,
      "scr_dir1_threshold_10": 0.4126986229439953,
      "scr_metric_threshold_10": 0.18316829930262574,
      "scr_dir2_threshold_10": 0.18316829930262574,
      "scr_dir1_threshold_20": 0.7142857142857143,
      "scr_metric_threshold_20": 0.2722772335657914,
      "scr_dir2_threshold_20": 0.2722772335657914,
      "scr_dir1_threshold_50": 0.698412908658281,
      "scr_metric_threshold_50": 0.3465345804276072,
      "scr_dir2_threshold_50": 0.3465345804276072,
      "scr_dir1_threshold_100": 0.36507925995657375,
      "scr_metric_threshold_100": 0.24504956922370566,
      "scr_dir2_threshold_100": 0.24504956922370566,
      "scr_dir1_threshold_500": -0.8730156627702904,
      "scr_metric_threshold_500": 0.25990100908882213,
      "scr_dir2_threshold_500": 0.25990100908882213
    },
    {
      "dataset_name": "LabHC/bias_in_bios_class_set1_scr_architect_journalist_results",
      "scr_dir1_threshold_2": -0.7647057906887414,
      "scr_metric_threshold_2": 0.370491714856858,
      "scr_dir2_threshold_2": 0.370491714856858,
      "scr_dir1_threshold_5": -0.26143805363171496,
      "scr_metric_threshold_5": 0.44918020164348565,
      "scr_dir2_threshold_5": 0.44918020164348565,
      "scr_dir1_threshold_10": -0.22222248193745486,
      "scr_metric_threshold_10": 0.5278686884301134,
      "scr_dir2_threshold_10": 0.5278686884301134,
      "scr_dir1_threshold_20": -1.0653594160147164,
      "scr_metric_threshold_20": 0.6885245036643176,
      "scr_dir2_threshold_20": 0.6885245036643176,
      "scr_dir1_threshold_50": -1.0653594160147164,
      "scr_metric_threshold_50": 0.750819563846442,
      "scr_dir2_threshold_50": 0.750819563846442,
      "scr_dir1_threshold_100": 0.20261450130390032,
      "scr_metric_threshold_100": -0.1016394012879684,
      "scr_dir2_threshold_100": -0.1016394012879684,
      "scr_dir1_threshold_500": -0.13725508528918381,
      "scr_metric_threshold_500": 0.13114741283602607,
      "scr_dir2_threshold_500": 0.13114741283602607
    },
    {
      "dataset_name": "LabHC/bias_in_bios_class_set1_scr_surgeon_psychologist_results",
      "scr_dir1_threshold_2": 0.47058818373302036,
      "scr_metric_threshold_2": 0.05555543848695727,
      "scr_dir2_threshold_2": 0.05555543848695727,
      "scr_dir1_threshold_5": 0.08823501053161192,
      "scr_metric_threshold_5": 0.239898894875777,
      "scr_dir2_threshold_5": 0.239898894875777,
      "scr_dir1_threshold_10": -0.1323529540667449,
      "scr_metric_threshold_10": 0.3585857323950319,
      "scr_dir2_threshold_10": 0.3585857323950319,
      "scr_dir1_threshold_20": -0.30882297512996876,
      "scr_metric_threshold_20": 0.4217171314273295,
      "scr_dir2_threshold_20": 0.4217171314273295,
      "scr_dir1_threshold_50": 0.07352932153278562,
      "scr_metric_threshold_50": 0.5252524994062113,
      "scr_dir2_threshold_50": 0.5252524994062113,
      "scr_dir1_threshold_100": -0.07352932153278562,
      "scr_metric_threshold_100": 0.5176766893776402,
      "scr_dir2_threshold_100": 0.5176766893776402,
      "scr_dir1_threshold_500": -1.544117505265806,
      "scr_metric_threshold_500": 0.07323227838136674,
      "scr_dir2_threshold_500": 0.07323227838136674
    },
    {
      "dataset_name": "LabHC/bias_in_bios_class_set1_scr_attorney_teacher_results",
      "scr_dir1_threshold_2": 0.27810640661646713,
      "scr_metric_threshold_2": 0.24137926782070843,
      "scr_dir2_threshold_2": 0.24137926782070843,
      "scr_dir1_threshold_5": -0.550295730685806,
      "scr_metric_threshold_5": 0.18275872062133522,
      "scr_dir2_threshold_5": 0.18275872062133522,
      "scr_dir1_threshold_10": -0.4674555169555787,
      "scr_metric_threshold_10": 0.20689654463678472,
      "scr_dir2_threshold_10": 0.20689654463678472,
      "scr_dir1_threshold_20": -0.674556227626219,
      "scr_metric_threshold_20": 0.5379310571622888,
      "scr_dir2_threshold_20": 0.5379310571622888,
      "scr_dir1_threshold_50": -0.7278106759306611,
      "scr_metric_threshold_50": 0.7758620937712534,
      "scr_dir2_threshold_50": 0.7758620937712534,
      "scr_dir1_threshold_100": -0.6982245578147319,
      "scr_metric_threshold_100": 0.3310345125255041,
      "scr_dir2_threshold_100": 0.3310345125255041,
      "scr_dir1_threshold_500": -0.3076921720422523,
      "scr_metric_threshold_500": 0.28275865896136243,
      "scr_dir2_threshold_500": 0.28275865896136243
    },
    {
      "dataset_name": "canrager/amazon_reviews_mcauley_1and5_scr_Books_CDs_and_Vinyl_results",
      "scr_dir1_threshold_2": -0.022598917619976247,
      "scr_metric_threshold_2": 0.3977695010780907,
      "scr_dir2_threshold_2": 0.3977695010780907,
      "scr_dir1_threshold_5": 0.11299425135044941,
      "scr_metric_threshold_5": 0.5576209636409443,
      "scr_dir2_threshold_5": 0.5576209636409443,
      "scr_dir1_threshold_10": 0.18644064942801425,
      "scr_metric_threshold_10": 0.6319703368282927,