{
  "eval_type_id": "scr",
  "eval_config": {
    "random_seed": 42,
    "dataset_names": [
      "LabHC/bias_in_bios_class_set1",
      "canrager/amazon_reviews_mcauley_1and5"
    ],
    "perform_scr": true,
    "early_stopping_patience": 20,
    "train_set_size": 4000,
    "test_set_size": 1000,
    "context_length": 128,
    "probe_train_batch_size": 16,
    "probe_test_batch_size": 500,
    "probe_epochs": 20,
    "probe_lr": 0.001,
    "probe_l1_penalty": 0.001,
    "sae_batch_size": 125,
    "llm_batch_size": 8,
    "llm_dtype": "bfloat16",
    "lower_vram_usage": false,
    "model_name": "Qwen/Qwen3-8B",
    "n_values": [
      2,
      5,
      10,
      20,
      50,
      100,
      500
    ],
    "column1_vals_lookup": {
      "LabHC/bias_in_bios_class_set1": [
        [
          "professor",
          "nurse"
        ],
        [
          "architect",
          "journalist"
        ],
        [
          "surgeon",
          "psychologist"
        ],
        [
          "attorney",
          "teacher"
        ]
      ],
      "canrager/amazon_reviews_mcauley_1and5": [
        [
          "Books",
          "CDs_and_Vinyl"
        ],
        [
          "Software",
          "Electronics"
        ],
        [
          "Pet_Supplies",
          "Office_Products"
        ],
        [
          "Industrial_and_Scientific",
          "Toys_and_Games"
        ]
      ]
    }
  },
  "eval_id": "75362acd-5546-4a23-9e3f-682076bc78b2",
  "datetime_epoch_millis": 1776396212213,
  "eval_result_metrics": {
    "scr_metrics": {
      "scr_dir1_threshold_2": 0.015320401806030323,
      "scr_metric_threshold_2": 0.17052047935781728,
      "scr_dir2_threshold_2": 0.11966869107197477,
      "scr_dir1_threshold_5": -0.06892945142037929,
      "scr_metric_threshold_5": 0.252108226391697,
      "scr_dir2_threshold_5": 0.20202594261058193,
      "scr_dir1_threshold_10": -0.2843906853690929,
      "scr_metric_threshold_10": 0.21041230594452834,
      "scr_dir2_threshold_10": 0.24094572799556221,
      "scr_dir1_threshold_20": -0.6117715157361349,
      "scr_metric_threshold_20": 0.2257401642728008,
      "scr_dir2_threshold_20": 0.2035212332640084,
      "scr_dir1_threshold_50": -0.5609953744206939,
      "scr_metric_threshold_50": 0.1993684272748995,
      "scr_dir2_threshold_50": 0.1924971156362335,
      "scr_dir1_threshold_100": -1.0523061009782133,
      "scr_metric_threshold_100": 0.193022472201313,
      "scr_dir2_threshold_100": 0.222765274724779,
      "scr_dir1_threshold_500": -1.1581944106454891,
      "scr_metric_threshold_500": 0.0802024862672876,
      "scr_dir2_threshold_500": 0.10089028988980824
    }
  },
  "eval_result_details": [
    {
      "dataset_name": "LabHC/bias_in_bios_class_set1_scr_professor_nurse_results",
      "scr_dir1_threshold_2": 0.24999966133701437,
      "scr_metric_threshold_2": 0.11888111110833234,
      "scr_dir2_threshold_2": 0.11888111110833234,
      "scr_dir1_threshold_5": 0.24999966133701437,
      "scr_metric_threshold_5": 0.18881125002188281,
      "scr_dir2_threshold_5": 0.18881125002188281,
      "scr_dir1_threshold_10": -0.5000006773259712,
      "scr_metric_threshold_10": 0.19813513886770076,
      "scr_dir2_threshold_10": 0.19813513886770076,
      "scr_dir1_threshold_20": -1.6818193517448594,
      "scr_metric_threshold_20": 0.04195805556041841,
      "scr_dir2_threshold_20": 0.04195805556041841,
      "scr_dir1_threshold_50": -0.022726995639375396,
      "scr_metric_threshold_50": 0.2820512499885376,
      "scr_dir2_threshold_50": 0.2820512499885376,
      "scr_dir1_threshold_100": -0.022726995639375396,
      "scr_metric_threshold_100": 0.32867138891042436,
      "scr_dir2_threshold_100": 0.32867138891042436,
      "scr_dir1_threshold_500": -0.6363640058141662,
      "scr_metric_threshold_500": 0.2610722222083284,
      "scr_dir2_threshold_500": 0.2610722222083284
    },
    {
      "dataset_name": "LabHC/bias_in_bios_class_set1_scr_architect_journalist_results",
      "scr_dir1_threshold_2": -0.0804600929832326,
      "scr_metric_threshold_2": 0.10597834537519825,
      "scr_dir2_threshold_2": 0.10597834537519825,
      "scr_dir1_threshold_5": -0.18390839246981058,
      "scr_metric_threshold_5": 0.19021735609366738,
      "scr_dir2_threshold_5": 0.19021735609366738,
      "scr_dir1_threshold_10": -1.3678160998288593,
      "scr_metric_threshold_10": 0.07336958634379956,
      "scr_dir2_threshold_10": 0.07336958634379956,
      "scr_dir1_threshold_20": -1.344827893325514,
      "scr_metric_threshold_20": 0.14130429853113435,
      "scr_dir2_threshold_20": 0.14130429853113435,
      "scr_dir1_threshold_50": -0.4252873011979847,
      "scr_metric_threshold_50": -0.01902165462480175,
      "scr_dir2_threshold_50": -0.01902165462480175,
      "scr_dir1_threshold_100": -2.9540229018825475,
      "scr_metric_threshold_100": 0.23097834537519826,
      "scr_dir2_threshold_100": 0.23097834537519826,
      "scr_dir1_threshold_500": -1.4712643993154373,
      "scr_metric_threshold_500": 0.20652181659393173,
      "scr_dir2_threshold_500": 0.20652181659393173
    },
    {
      "dataset_name": "LabHC/bias_in_bios_class_set1_scr_surgeon_psychologist_results",
      "scr_dir1_threshold_2": 0.3400003099440789,
      "scr_metric_threshold_2": 0.039999928474432664,
      "scr_dir2_threshold_2": 0.039999928474432664,
      "scr_dir1_threshold_5": -0.2399992370607288,
      "scr_metric_threshold_5": 0.09499996051192637,
      "scr_dir2_threshold_5": 0.09499996051192637,
      "scr_dir1_threshold_10": -0.1399993562699899,
      "scr_metric_threshold_10": 0.024999973922970244,
      "scr_dir2_threshold_10": 0.024999973922970244,
      "scr_dir1_threshold_20": 0.06000040531148784,
      "scr_metric_threshold_20": 0.14999999254942006,
      "scr_dir2_threshold_20": 0.14999999254942006,
      "scr_dir1_threshold_50": -1.2799999046325912,
      "scr_metric_threshold_50": -0.11250003166496471,
      "scr_dir2_threshold_50": -0.11250003166496471,
      "scr_dir1_threshold_100": -3.219999499321103,
      "scr_metric_threshold_100": -0.1774999340623676,
      "scr_dir2_threshold_100": -0.1774999340623676,
      "scr_dir1_threshold_500": -3.339999117851468,
      "scr_metric_threshold_500": 0.24749992065132373,
      "scr_dir2_threshold_500": 0.24749992065132373
    },
    {
      "dataset_name": "LabHC/bias_in_bios_class_set1_scr_attorney_teacher_results",
      "scr_dir1_threshold_2": -1.0326089210005287,
      "scr_metric_threshold_2": 0.0808626060111035,
      "scr_dir2_threshold_2": 0.0808626060111035,
      "scr_dir1_threshold_5": -1.0869566907503965,
      "scr_metric_threshold_5": 0.16981136016173903,
      "scr_dir2_threshold_5": 0.16981136016173903,
      "scr_dir1_threshold_10": -0.8369566907503965,
      "scr_metric_threshold_10": 0.2803234973365885,
      "scr_dir2_threshold_10": 0.2803234973365885,
      "scr_dir1_threshold_20": -3.152173884874934,
      "scr_metric_threshold_20": -0.1617250513628094,
      "scr_dir2_threshold_20": -0.1617250513628094,
      "scr_dir1_threshold_50": -3.869564963874405,
      "scr_metric_threshold_50": -0.09164413686381288,
      "scr_dir2_threshold_50": -0.09164413686381288,
      "scr_dir1_threshold_100": -3.7608694243746696,
      "scr_metric_threshold_100": -0.16981119950234144,
      "scr_dir2_threshold_100": -0.16981119950234144,
      "scr_dir1_threshold_500": -3.706521654624802,
      "scr_metric_threshold_500": -0.05390829690113728,
      "scr_dir2_threshold_500": -0.05390829690113728
    },
    {
      "dataset_name": "canrager/amazon_reviews_mcauley_1and5_scr_Books_CDs_and_Vinyl_results",
      "scr_dir1_threshold_2": -0.052355975194479674,
      "scr_metric_threshold_2": 0.243902397656908,
      "scr_dir2_threshold_2": 0.243902397656908,
      "scr_dir1_threshold_5": -0.12041886777379443,
      "scr_metric_threshold_5": 0.35772350041044815,
      "scr_dir2_threshold_5": 0.35772350041044815,
      "scr_dir1_threshold_10": -0.047120440088277295,